spacer_id	source_row_id	source_spacer	oriented_spacer	repeat_sequence	matched_accessions	subtype	cas_genes	hit	raw_left_flank	raw_right_flank	oriented_upstream_flank	oriented_downstream_flank	orientation	orientation_source	protospacer_boundary_overlap_nt	published_pam_field	repeat_cluster
source_593	593	AAAAAGTCCTCCTGGTGCTGTTATTTAGTA	AAAAAGTCCTCCTGGTGCTGTTATTTAGTA	GTTTTAGTACCCTTAAGATTTTAGCTACTGTAAAAC	CP013476.1	CAS-TypeIIC	Cas1_0_II_2 | Cas2_0_I-II-III_3 | Cas9_0_II_1	1	TCTAAGATTGTTAATTTCATAATAAA	GTAGCAAACAAAAGGACTCCACACAA	TCTAAGATTGTTAATTTCATAAT	GCAAACAAAAGGACTCCACACAA	forward	orientation_PAMbased	3	XnnAAAC	1053
source_6971	6971	AACATATTCGTTGTTAATTGGTCACCATTG	AACATATTCGTTGTTAATTGGTCACCATTG	GTTTTAGTACCCTTAAGATTTTAGCTACTGTAAAAC	CP013476.1	CAS-TypeIIC	Cas1_0_II_2 | Cas2_0_I-II-III_3 | Cas9_0_II_1	1	AATAGATTCCGTGTTTGTGCAAGAAC	TTGTCAAATGTTTTCGTTGTGTTCAC	AATAGATTCCGTGTTTGTGCAAG	TCAAATGTTTTCGTTGTGTTCAC	forward	orientation_PAMbased	3	XnnAAAC	1053
source_38719	38719	AGGTCCATCACAATCGCCATCAACATCAAC	AGGTCCATCACAATCGCCATCAACATCAAC	GTTTTAGTACCCTTAAGATTTTAGCTACTGTAAAAC	CP013476.1	CAS-TypeIIC	Cas1_0_II_2 | Cas2_0_I-II-III_3 | Cas9_0_II_1	0					forward	orientation_PAMbased	3	XnnAAAC	1053
source_42502	42502	ATAACTCTTAAAGGGGGAACGGATGTGGCA	ATAACTCTTAAAGGGGGAACGGATGTGGCA	GTTTTAGTACCCTTAAGATTTTAGCTACTGTAAAAC	CP013476.1	CAS-TypeIIC	Cas1_0_II_2 | Cas2_0_I-II-III_3 | Cas9_0_II_1	1	TCGGCAATGGAAAAGAAAGATAAATA	GCAATAAACGCGATTGAGGCTTTACG	TCGGCAATGGAAAAGAAAGATAA	ATAAACGCGATTGAGGCTTTACG	forward	orientation_PAMbased	3	XnnAAAC	1053
source_75368	75368	CCATTATCTCGGACAGTTTGCCGCATTAGA	CCATTATCTCGGACAGTTTGCCGCATTAGA	GTTTTAGTACCCTTAAGATTTTAGCTACTGTAAAAC	CP013476.1	CAS-TypeIIC	Cas1_0_II_2 | Cas2_0_I-II-III_3 | Cas9_0_II_1	1	CGATTGGGATTGACGATCTCATGCCA	AGAAGAAGCTATGTTATCAAAAAGAA	CGATTGGGATTGACGATCTCATG	AGAAGCTATGTTATCAAAAAGAA	forward	orientation_PAMbased	3	XnnAAAC	1053
source_89974	89974	CGCTATACTATCCCCCTCACCGACACACTC	CGCTATACTATCCCCCTCACCGACACACTC	GTTTTAGTACCCTTAAGATTTTAGCTACTGTAAAAC	CP013476.1	CAS-TypeIIC	Cas1_0_II_2 | Cas2_0_I-II-III_3 | Cas9_0_II_1	1	AACAGCGTCATTCTCATAGTTTCCGC	CTCAAAAACGACTTTTTCTTTTGGAT	AACAGCGTCATTCTCATAGTTTC	AAAAACGACTTTTTCTTTTGGAT	forward	orientation_PAMbased	3	XnnAAAC	1053
source_94160	94160	CGTAGTGATCGACGGCGTGAAATATGAGAG	CGTAGTGATCGACGGCGTGAAATATGAGAG	GTTTTAGTACCCTTAAGATTTTAGCTACTGTAAAAC	CP013476.1	CAS-TypeIIC	Cas1_0_II_2 | Cas2_0_I-II-III_3 | Cas9_0_II_1	1	GATGTCGAGTATCAAAAGGGTACCGT	GACAAAAAAAGCGCGCAACGAGGACA	GATGTCGAGTATCAAAAGGGTAC	AAAAAAAGCGCGCAACGAGGACA	forward	orientation_PAMbased	3	XnnAAAC	1053
source_106348	106348	CTTACATCAGTGGATGGTCGTATGCACTTC	CTTACATCAGTGGATGGTCGTATGCACTTC	GTTTTAGTACCCTTAAGATTTTAGCTACTGTAAAAC	CP013476.1	CAS-TypeIIC	Cas1_0_II_2 | Cas2_0_I-II-III_3 | Cas9_0_II_1	0					forward	orientation_PAMbased	3	XnnAAAC	1053
source_109809	109809	CTTTTTTATTTGATAAGGCTAAGAATGGGG	CTTTTTTATTTGATAAGGCTAAGAATGGGG	GTTTTAGTACCCTTAAGATTTTAGCTACTGTAAAAC	CP013476.1	CAS-TypeIIC	Cas1_0_II_2 | Cas2_0_I-II-III_3 | Cas9_0_II_1	1	ATCTGCCAGTGTTTCAAATACTGCTT	GGTAAAACTCATCAAGTACAGCAATG	ATCTGCCAGTGTTTCAAATACTG	AAAACTCATCAAGTACAGCAATG	forward	orientation_PAMbased	3	XnnAAAC	1053
source_116555	116555	GAGAGTTTAAAATCCCTGGCAAGGCACAAG	GAGAGTTTAAAATCCCTGGCAAGGCACAAG	GTTTTAGTACCCTTAAGATTTTAGCTACTGTAAAAC	CP013476.1	CAS-TypeIIC	Cas1_0_II_2 | Cas2_0_I-II-III_3 | Cas9_0_II_1	1	GAACTGGTGGTGGGGAAAGATGAGAG	AAGCCAAACAAAGACCTAGAATGGGT	GAACTGGTGGTGGGGAAAGATGA	CCAAACAAAGACCTAGAATGGGT	forward	orientation_PAMbased	3	XnnAAAC	1053
source_151659	151659	GTGACGATCTACTCATGACGCTATCAGCAT	GTGACGATCTACTCATGACGCTATCAGCAT	GTTTTAGTACCCTTAAGATTTTAGCTACTGTAAAAC	CP013476.1	CAS-TypeIIC	Cas1_0_II_2 | Cas2_0_I-II-III_3 | Cas9_0_II_1	1	GGTAGTCGTGTTAAATCTACCAAGTG	CATTCAAACAGTTTAACAAGGCTATG	GGTAGTCGTGTTAAATCTACCAA	TCAAACAGTTTAACAAGGCTATG	forward	orientation_PAMbased	3	XnnAAAC	1053
source_155793	155793	GTTCTTGATCGAATAAATGATGATTCGATA	GTTCTTGATCGAATAAATGATGATTCGATA	GTTTTAGTACCCTTAAGATTTTAGCTACTGTAAAAC	CP013476.1	CAS-TypeIIC	Cas1_0_II_2 | Cas2_0_I-II-III_3 | Cas9_0_II_1	1	AAGTGAGAGAAAGGATAATTGATGTT	ATACTAAACATTATTTACAACTTCAT	AAGTGAGAGAAAGGATAATTGAT	CTAAACATTATTTACAACTTCAT	forward	orientation_PAMbased	3	XnnAAAC	1053
source_158500	158500	TAAACGCTTAAACATCTCCGTATCAACCAA	TAAACGCTTAAACATCTCCGTATCAACCAA	GTTTTAGTACCCTTAAGATTTTAGCTACTGTAAAAC	CP013476.1	CAS-TypeIIC	Cas1_0_II_2 | Cas2_0_I-II-III_3 | Cas9_0_II_1	1	GGGCATTTTTCCGTTTGTCCAAATAA	CAAATAAGCATTTTCAATCGCCCATC	GGGCATTTTTCCGTTTGTCCAAA	ATAAGCATTTTCAATCGCCCATC	forward	orientation_PAMbased	3	XnnAAAC	1053
source_165929	165929	TAGCTTAGAGTTGATCGCGTCAGCGGTAT	TAGCTTAGAGTTGATCGCGTCAGCGGTAT	GTTTTAGTACCCTTAAGATTTTAGCTACTGTAAAAC	CP013476.1	CAS-TypeIIC	Cas1_0_II_2 | Cas2_0_I-II-III_3 | Cas9_0_II_1	0					forward	orientation_PAMbased	3	XnnAAAC	1053
source_180609	180609	TCGCTTTAGACTCATTCGATGCAGAACGC	TCGCTTTAGACTCATTCGATGCAGAACGC	GTTTTAGTACCCTTAAGATTTTAGCTACTGTAAAAC	CP013476.1	CAS-TypeIIC	Cas1_0_II_2 | Cas2_0_I-II-III_3 | Cas9_0_II_1	1	GTTAGCGGTAAAAAATCGTATCATCG		GTTAGCGGTAAAAAATCGTATCA		forward	orientation_PAMbased	3	XnnAAAC	1053
source_187913	187913	TGACTTTTGAGTTAGTACCATCAGCGGTAT	TGACTTTTGAGTTAGTACCATCAGCGGTAT	GTTTTAGTACCCTTAAGATTTTAGCTACTGTAAAAC	CP013476.1	CAS-TypeIIC	Cas1_0_II_2 | Cas2_0_I-II-III_3 | Cas9_0_II_1	1	TTCAGCTCCTGTCACATCTAAAATGA	TATGGAAACAAACTCGATTATCTATA	TTCAGCTCCTGTCACATCTAAAA	GGAAACAAACTCGATTATCTATA	forward	orientation_PAMbased	3	XnnAAAC	1053
source_199008	199008	TGTTCCATATGAAACAATTGAGGAAACACA	TGTTCCATATGAAACAATTGAGGAAACACA	GTTTTAGTACCCTTAAGATTTTAGCTACTGTAAAAC	CP013476.1	CAS-TypeIIC	Cas1_0_II_2 | Cas2_0_I-II-III_3 | Cas9_0_II_1	0					forward	orientation_PAMbased	3	XnnAAAC	1053
source_203622	203622	TTATCTAAATAATAAGTGTATGACTGACCG	TTATCTAAATAATAAGTGTATGACTGACCG	GTTTTAGTACCCTTAAGATTTTAGCTACTGTAAAAC	CP013476.1	CAS-TypeIIC	Cas1_0_II_2 | Cas2_0_I-II-III_3 | Cas9_0_II_1	1	TGTGCTTCGTTTTAACTGGAGCTTTA	CCTACAAATTCTCTAACTCTTTTAGC	TGTGCTTCGTTTTAACTGGAGCT	ACAAATTCTCTAACTCTTTTAGC	forward	orientation_PAMbased	3	XnnAAAC	1053
source_204313	204313	TTATTTGAATAATCTAAGTTAGTCGGATTT	TTATTTGAATAATCTAAGTTAGTCGGATTT	GTTTTAGTACCCTTAAGATTTTAGCTACTGTAAAAC	CP013476.1	CAS-TypeIIC	Cas1_0_II_2 | Cas2_0_I-II-III_3 | Cas9_0_II_1	1	CAGTATCAGAGACTTCTTCATAATTA	TTTGGGTCAAATATTATTACCAGTCC	CAGTATCAGAGACTTCTTCATAA	GGGTCAAATATTATTACCAGTCC	forward	orientation_PAMbased	3	XnnAAAC	1053
