chromosome_accession	experimental_abbreviation	experimental_organism	experimental_pam	experimental_protein_length	experimental_protein_sha256	genbank_cds_translation_count	exact_translation_matches	exact_translation_indices	verification_status	genbank_cache
AE017226.1	Tde	Treponema_denticola_ATCC_35405	NAAAAY	1395	a16cf6788a6dca8a92d07b7c23ad23cd3ee4fccbba55ff2f939d59c84edd5dcd	2767	1	324	exact_strain_and_protein	data/raw/external_datasets/ncbi_exact_strain_genbank/AE017226.1.gb
CP003058.1	Ain	Acidaminococcus_intestini_RyC-MR95	NRTAW	1358	43717d44ced0ac18b548416372a62cf0a6373cff4712d992eecaa6d7cb3bb9b5	2404	1	952	exact_strain_and_protein	data/raw/external_datasets/ncbi_exact_strain_genbank/CP003058.1.gb
CP000725.1	Sgo	Streptococcus_gordonii_str._Challis_substr._CH1	NNAAAG	1136	a853688e03f32cb7d2d25914110ff0aa67f9d91c6338cb9b9b1ca288b6f84fb2	2051	1	1340	exact_strain_and_protein	data/raw/external_datasets/ncbi_exact_strain_genbank/CP000725.1.gb
FR873482.1	Ssa	Streptococcus_salivarius_JIM8777	NNAGAAA	1127	2a24a5d691d595d29b86d0a9cf4af55d22933bcdfd63fb0c13b927eba5fe23ff	1979	1	643	exact_strain_and_protein	data/raw/external_datasets/ncbi_exact_strain_genbank/FR873482.1.gb
AP012053.1	Sga	Streptococcus_gallolyticus_subsp._gallolyticus_ATCC_43143	NGGD(A>T>G)H(T>M)	1371	288587c9c8275c3c62c6384a1936c1970a5441a61cc8ee1e826eca4e2fd571f0	2246	1	1402	exact_strain_and_protein	data/raw/external_datasets/ncbi_exact_strain_genbank/AP012053.1.gb
CP000023.1	Sth1A	Streptococcus_thermophilus_LMG_18311	NHGYRAA	1122	f7263a92f476a88fcd2999f5f645c7eec121bad46093967f6ab83bcbf804dc8f	1889	1	632	exact_strain_and_protein	data/raw/external_datasets/ncbi_exact_strain_genbank/CP000023.1.gb
CP003686.1	Smu	Streptococcus_mutans_GS-5	NGGDT	1345	015684f1a67bb02c3f759f99ab1822b2ef811b260bff2b93cfb8e43344000626	1878	1	1214	exact_strain_and_protein	data/raw/external_datasets/ncbi_exact_strain_genbank/CP003686.1.gb
HE858529.1	Sdy	Streptococcus_dysgalactiae_subsp._equisimilis_AC-2713	NGGNG	1371	2b476818e1648b6e158da808692b408c8a8d32f227ebeeb6f0f942f6ffff8f7b	2215	1	1152	exact_strain_and_protein	data/raw/external_datasets/ncbi_exact_strain_genbank/HE858529.1.gb
AL732656.1	Sag2	Streptococcus_agalactiae_NEM316	NGGD(A>K)W(T>A)	1377	7b669277d9fb5380d4602fc7df95a677e1b00c01c5cd89ac5ee2c990d5624b1e	2094	1	890	exact_strain_and_protein	data/raw/external_datasets/ncbi_exact_strain_genbank/AL732656.1.gb
