chromosome_accession	subtype	genus	family	order	class	phylum	source_rows	hit_rows	effective_unique_hit_spacers	unambiguous_oriented_hit_rows	orientations	published_pam_fields	rows_with_cas9_annotation	curation_priority	curation_priority_points	registered_system_id	readiness	independence_status	ncbi_title	ncbi_taxid	ncbi_sequence_length	ncbi_updatedate	ncbi_metadata_status
CP009575.1	CAS-TypeIIC	Listeria	Listeriaceae	Bacillales	Bacilli	Firmicutes	93	80	80	80	forward	XnnACnC	93	A	70		needs_exact_same_strain_protein_and_experimental_gold	aggregate_consensus_flanks_no_raw_target_ids	Listeria ivanovii subsp. londoniensis strain WSLC 30167, complete genome	202752	2993492	2015/03/11	matched
CP015403.2	CAS-TypeIIB			Burkholderiales	Betaproteobacteria	Proteobacteria	94	66	66	66	forward|reverse	XnGG	94	A	60		needs_exact_same_strain_protein_and_experimental_gold	aggregate_consensus_flanks_no_raw_target_ids	Burkholderiales bacterium YL45 chromosome, complete genome	1834205	2923112	2017/04/05	matched
CP022723.1	CAS-TypeIIA	Bifidobacterium	Bifidobacteriaceae	Bifidobacteriales	Actinobacteria	Actinobacteria	67	61	61	61	forward	XnnGCGT	67	A	70		needs_exact_same_strain_protein_and_experimental_gold	aggregate_consensus_flanks_no_raw_target_ids	Bifidobacterium bifidum strain S6 chromosome, complete genome	1681	2311342	2018/08/15	matched
AP010655.1	CAS-TypeIIA	Streptococcus	Streptococcaceae	Lactobacillales	Bacilli	Firmicutes	67	59	59	59	forward	XnGG	67	A	70		needs_exact_same_strain_protein_and_experimental_gold	aggregate_consensus_flanks_no_raw_target_ids	Streptococcus mutans NN2025 DNA, complete genome	511691	2013587	2016/10/07	matched
CP002113.1	CAS-TypeIIC	Capnocytophaga	Flavobacteriaceae	Flavobacteriales	Flavobacteriia	Bacteroidetes	106	59	59	59	reverse		106	A	60		needs_exact_same_strain_protein_and_experimental_gold	aggregate_consensus_flanks_no_raw_target_ids	Capnocytophaga canimorsus Cc5, complete genome	860228	2571406	2014/01/30	matched
LR134394.1	CAS-TypeIIC	Listeria	Listeriaceae	Bacillales	Bacilli	Firmicutes	74	59	59	59	forward	XnnACnC	74	A	70		needs_exact_same_strain_protein_and_experimental_gold	aggregate_consensus_flanks_no_raw_target_ids	Listeria ivanovii subsp. londoniensis strain NCTC12701 genome assembly, chromosome: 1	202752	3007116	2018/12/19	matched
LT907930.1	CAS-TypeIIC	Lactobacillus	Lactobacillaceae	Lactobacillales	Bacilli	Firmicutes	91	57	57	57	forward	XnnnnGCAC	91	A	70		needs_exact_same_strain_protein_and_experimental_gold	aggregate_consensus_flanks_no_raw_target_ids	Lactobacillus sakei strain J18 genome assembly, chromosome: LSAJ18, whole genome shotgun sequence	1599	1824746	2017/11/01	matched
CP016205.1	CAS-TypeIIC	Prevotella	Prevotellaceae	Bacteroidales	Bacteroidia	Bacteroidetes	64	55	55	55	reverse	XnnnnCC	64	A	70		needs_exact_same_strain_protein_and_experimental_gold	aggregate_consensus_flanks_no_raw_target_ids	Prevotella scopos JCM 17725 strain W2052 chromosome 2 genome	1236518	1436518	2016/07/11	matched
LR027880.1	CAS-TypeIIC	Roseburia	Lachnospiraceae	Clostridiales	Clostridia	Firmicutes	61	55	55	55	reverse	XnnnnCATA|XnnnnCnnA	61	A	70		needs_exact_same_strain_protein_and_experimental_gold	aggregate_consensus_flanks_no_raw_target_ids	Roseburia intestinalis L1-82 genome assembly, chromosome: 1	536231	4493348	2019/02/27	matched
LS483364.1	CAS-TypeIIA	Streptococcus	Streptococcaceae	Lactobacillales	Bacilli	Firmicutes	63	53	53	53	forward	XnGGnG	63	A	70		needs_exact_same_strain_protein_and_experimental_gold	aggregate_consensus_flanks_no_raw_target_ids	Streptococcus sanguinis strain NCTC11086 genome assembly, chromosome: 1	1305	2331387	2018/06/17	matched
CM002372.1	CAS-TypeIIC	Streptococcus	Streptococcaceae	Lactobacillales	Bacilli	Firmicutes	52	50	50	50	forward	XnnAAAAA	52	A	70		needs_exact_same_strain_protein_and_experimental_gold	aggregate_consensus_flanks_no_raw_target_ids	Streptococcus thermophilus M17PTZA496 chromosome, whole genome shotgun sequence	1433289	1995662	2014/01/24	matched
CP019981.1	CAS-TypeIIA	Pediococcus	Lactobacillaceae	Lactobacillales	Bacilli	Firmicutes	67	49	49	49	reverse	XnnTAC	67	A	70		needs_exact_same_strain_protein_and_experimental_gold	aggregate_consensus_flanks_no_raw_target_ids	Pediococcus inopinatus strain DSM 20285 chromosome, complete genome	114090	2137091	2018/03/08	matched
CP012073.1	CAS-TypeIIC	Ottowia	Comamonadaceae	Burkholderiales	Betaproteobacteria	Proteobacteria	57	47	47	47	reverse	XnnGnnT	57	A	70		needs_exact_same_strain_protein_and_experimental_gold	aggregate_consensus_flanks_no_raw_target_ids	Ottowia sp. oral taxon 894 strain W10237, complete genome	1658672	2925783	2015/08/07	matched
CP031881.1	CAS-TypeIIC	Streptococcus	Streptococcaceae	Lactobacillales	Bacilli	Firmicutes	50	47	47	47	forward	XnnGAAAA	50	A	70		needs_exact_same_strain_protein_and_experimental_gold	aggregate_consensus_flanks_no_raw_target_ids	Streptococcus thermophilus strain ST106 chromosome, complete genome	1308	1856083	2018/09/03	matched
CP017697.1	CAS-TypeIIC	Lactobacillus	Lactobacillaceae	Lactobacillales	Bacilli	Firmicutes	82	46	46	46	reverse	XnnnnCTAC	82	A	70		needs_exact_same_strain_protein_and_experimental_gold	aggregate_consensus_flanks_no_raw_target_ids	Lactobacillus coryniformis subsp. torquens DSM 20004 = KCTC 3535, complete genome	1423822	2956605	2017/10/25	matched
LT984417.2	CAS-TypeIIA	Lactobacillus	Lactobacillaceae	Lactobacillales	Bacilli	Firmicutes	67	46	46	46	reverse	XnnAAG	67	A	70		needs_exact_same_strain_protein_and_experimental_gold	aggregate_consensus_flanks_no_raw_target_ids	Lactobacillus fuchuensis strain MFPC41A2801 genome assembly, chromosome: I, whole genome shotgun sequence	164393	2045293	2018/02/13	matched
CP022022.1	CAS-TypeIIC	Capnocytophaga	Flavobacteriaceae	Flavobacteriales	Flavobacteriia	Bacteroidetes	52	45	45	45	reverse	XnAAAAA	52	A	70		needs_exact_same_strain_protein_and_experimental_gold	aggregate_consensus_flanks_no_raw_target_ids	Capnocytophaga endodontalis strain ChDC OS43, complete genome	2708117	3412686	2020/02/14	matched
CP031545.1	CAS-TypeIIC	Streptococcus	Streptococcaceae	Lactobacillales	Bacilli	Firmicutes	48	45	45	45	forward	XnnAGAAA	48	A	70		needs_exact_same_strain_protein_and_experimental_gold	aggregate_consensus_flanks_no_raw_target_ids	Streptococcus thermophilus strain ST109 chromosome, complete genome	1308	1788866	2018/08/18	matched
CP003860.1	CAS-TypeIIC	Streptococcus	Streptococcaceae	Lactobacillales	Bacilli	Firmicutes	50	44	44	44	forward	XnnAA|XnnAAAAA|XnnAnAnA	50	A	70		needs_exact_same_strain_protein_and_experimental_gold	aggregate_consensus_flanks_no_raw_target_ids	Streptococcus anginosus C1051, complete genome	862970	1911706	2014/03/07	matched
HE613569.1	CAS-TypeIIC	Streptococcus	Streptococcaceae	Lactobacillales	Bacilli	Firmicutes	45	43	43	43	reverse	XnnGnAAA	45	A	70		needs_exact_same_strain_protein_and_experimental_gold	aggregate_consensus_flanks_no_raw_target_ids	Streptococcus macedonicus ACA-DC 198 main chromosome complete genome	1116231	2130034	2015/08/03	matched
LR594041.1	CAS-TypeIIC	Streptococcus	Streptococcaceae	Lactobacillales	Bacilli	Firmicutes	43	43	43	43	reverse	XnnAAAG	43	A	70		needs_exact_same_strain_protein_and_experimental_gold	aggregate_consensus_flanks_no_raw_target_ids	Streptococcus gordonii strain NCTC9124 genome assembly, chromosome: 1	1302	2223915	2019/05/17	matched
LS974444.1	CAS-TypeIIC	Streptococcus	Streptococcaceae	Lactobacillales	Bacilli	Firmicutes	55	42	42	42	reverse	XnnAAAAA	55	A	70		needs_exact_same_strain_protein_and_experimental_gold	aggregate_consensus_flanks_no_raw_target_ids	Streptococcus thermophilus strain N4L genome assembly, chromosome: 1	1308	1831756	2018/07/03	matched
CP002220.1	CAS-TypeIIA	Bifidobacterium	Bifidobacteriaceae	Bifidobacteriales	Actinobacteria	Actinobacteria	43	40	40	40	reverse	XnnGCGT	43	A	70		needs_exact_same_strain_protein_and_experimental_gold	aggregate_consensus_flanks_no_raw_target_ids	Bifidobacterium bifidum S17, complete genome	883062	2186882	2014/01/31	matched
LS483408.1	CAS-TypeIIA	Streptococcus	Streptococcaceae	Lactobacillales	Bacilli	Firmicutes	57	39	39	39	reverse	XnGG	57	A	69		needs_exact_same_strain_protein_and_experimental_gold	aggregate_consensus_flanks_no_raw_target_ids	Streptococcus uberis strain NCTC4674 genome assembly, chromosome: 1	1349	2024265	2018/06/17	matched
CP001107.1	CAS-TypeIIC		Lachnospiraceae	Clostridiales	Clostridia	Firmicutes	44	38	38	38	forward	XnnAnAA	44	A	68		needs_exact_same_strain_protein_and_experimental_gold	aggregate_consensus_flanks_no_raw_target_ids	Agathobacter rectalis ATCC 33656 chromosome, complete genome	515619	3449685	2017/08/25	matched
CP039457.1	CAS-TypeIIA	Streptococcus	Streptococcaceae	Lactobacillales	Bacilli	Firmicutes	42	38	38	38	reverse	XnGG	42	A	68		needs_exact_same_strain_protein_and_experimental_gold	aggregate_consensus_flanks_no_raw_target_ids	Streptococcus pasteurianus strain WUSP067 chromosome, complete genome	197614	2149841	2019/04/24	matched
FR875178.1	CAS-TypeIIC	Streptococcus	Streptococcaceae	Lactobacillales	Bacilli	Firmicutes	39	38	38	38	forward	XnnAGAAA	39	A	68		needs_exact_same_strain_protein_and_experimental_gold	aggregate_consensus_flanks_no_raw_target_ids	Streptococcus thermophilus JIM 8232 complete genome	1051074	1929905	2015/02/27	matched
CM002371.1	CAS-TypeIIC	Streptococcus	Streptococcaceae	Lactobacillales	Bacilli	Firmicutes	42	37	37	37	forward	XnnAAAAA|XnnAGAAA|XnnAGAAAnAA	42	A	67		needs_exact_same_strain_protein_and_experimental_gold	aggregate_consensus_flanks_no_raw_target_ids	Streptococcus thermophilus MTH17CL396 chromosome, whole genome shotgun sequence	1433288	1820209	2014/01/24	matched
CP012589.1	CAS-TypeIIC	Capnocytophaga	Flavobacteriaceae	Flavobacteriales	Flavobacteriia	Bacteroidetes	39	36	36	36	forward	XnATTTTT	39	A	66		needs_exact_same_strain_protein_and_experimental_gold	aggregate_consensus_flanks_no_raw_target_ids	Capnocytophaga sp. oral taxon 323 strain F0383, complete genome	1705617	2614527	2015/09/04	matched
CP014241.1	CAS-TypeIIA	Bifidobacterium	Bifidobacteriaceae	Bifidobacteriales	Actinobacteria	Actinobacteria	42	36	36	36	reverse	XnGGG	42	A	66		needs_exact_same_strain_protein_and_experimental_gold	aggregate_consensus_flanks_no_raw_target_ids	Bifidobacterium angulatum strain GT102, complete genome	1683	2064639	2016/02/22	matched
CP025399.1	CAS-TypeIIC	Streptococcus	Streptococcaceae	Lactobacillales	Bacilli	Firmicutes	38	36	36	36	forward	XnnAAAAA|XnnAGAAA	38	A	66		needs_exact_same_strain_protein_and_experimental_gold	aggregate_consensus_flanks_no_raw_target_ids	Streptococcus thermophilus strain GABA chromosome, complete genome	1308	1857468	2017/12/21	matched
CP035054.1	CAS-TypeIIA	Lactobacillus	Lactobacillaceae	Lactobacillales	Bacilli	Firmicutes	44	36	36	36	reverse	XnnAAA	44	A	66		needs_exact_same_strain_protein_and_experimental_gold	aggregate_consensus_flanks_no_raw_target_ids	Limosilactobacillus fermentum strain SRCM103285 chromosome, complete genome	1613	2146888	2019/01/20	matched
AP018699.1	CAS-TypeIIA	Lactobacillus	Lactobacillaceae	Lactobacillales	Bacilli	Firmicutes	50	35	35	35	forward	XnnGAA	50	A	65		needs_exact_same_strain_protein_and_experimental_gold	aggregate_consensus_flanks_no_raw_target_ids	Lactobacillus curvatus NFH-Km12 DNA, complete genome	28038	1911461	2018/06/02	matched
CM002369.1	CAS-TypeIIC	Streptococcus	Streptococcaceae	Lactobacillales	Bacilli	Firmicutes	46	35	35	35	forward	XnnAGAAA|XnnAGAAAnAA	46	A	65		needs_exact_same_strain_protein_and_experimental_gold	aggregate_consensus_flanks_no_raw_target_ids	Streptococcus thermophilus TH1435 chromosome, whole genome shotgun sequence	1415776	1736780	2014/01/24	matched
CP031253.1	CAS-TypeIIC	Neisseria	Neisseriaceae	Neisseriales	Betaproteobacteria	Proteobacteria	39	35	35	35	forward|reverse	XGAA	39	A	55		needs_exact_same_strain_protein_and_experimental_gold	aggregate_consensus_flanks_no_raw_target_ids	Neisseria lactamica strain M17106 chromosome, complete genome	486	2200224	2018/08/01	matched
CP011013.1	CAS-TypeIIA	Lactobacillus	Lactobacillaceae	Lactobacillales	Bacilli	Firmicutes	37	33	33	33	reverse	XnnAAAA	37	A	63		needs_exact_same_strain_protein_and_experimental_gold	aggregate_consensus_flanks_no_raw_target_ids	Lactobacillus mucosae LM1, complete genome	1130798	2326299	2015/03/11	matched
LR134288.1	CAS-TypeIIA	Streptococcus	Streptococcaceae	Lactobacillales	Bacilli	Firmicutes	37	33	33	33	reverse	XnGG	37	A	63		needs_exact_same_strain_protein_and_experimental_gold	aggregate_consensus_flanks_no_raw_target_ids	Streptococcus milleri strain NCTC11169 genome assembly, chromosome: 1	33040	1856804	2018/12/19	matched
LS483306.1	CAS-TypeIIC	Enterococcus	Enterococcaceae	Lactobacillales	Bacilli	Firmicutes	50	33	33	33	forward	XnnnnAAA	50	A	63		needs_exact_same_strain_protein_and_experimental_gold	aggregate_consensus_flanks_no_raw_target_ids	Enterococcus cecorum strain NCTC12421 genome assembly, chromosome: 1	44008	2421598	2018/06/17	matched
LS991421.1	CAS-TypeIIA	Lactobacillus	Lactobacillaceae	Lactobacillales	Bacilli	Firmicutes	42	33	33	33	reverse	XnnTAG	42	A	63		needs_exact_same_strain_protein_and_experimental_gold	aggregate_consensus_flanks_no_raw_target_ids	Lactobacillus zeae isolate CECT 9104 genome assembly, chromosome: 1	57037	3045762	2020/08/03	matched
CP018477.1	CAS-TypeIIC	Thermogutta	Thermoguttaceae	Pirellulales	Planctomycetia	Planctomycetes	73	32	32	32	forward	XnnnCC	73	A	62		needs_exact_same_strain_protein_and_experimental_gold	aggregate_consensus_flanks_no_raw_target_ids	Thermogutta terrifontis strain R1, complete genome	1331910	4810751	2021/03/15	matched
CP031835.1	CAS-TypeIIA	Lactobacillus	Lactobacillaceae	Lactobacillales	Bacilli	Firmicutes	46	32	32	32	reverse	XnnAAAA	46	A	62		needs_exact_same_strain_protein_and_experimental_gold	aggregate_consensus_flanks_no_raw_target_ids	Lactobacillus amylolyticus strain L5 chromosome, complete genome	83683	1400795	2022/10/28	matched
AE017226.1	CAS-TypeIIA	Treponema	Spirochaetaceae	Spirochaetales	Spirochaetia	Spirochaetes	53	31	31	31	forward	XnAnAA	53	registered	61	tde-atcc35405-published-flanks	registered_retrospective_system	aggregate_consensus_flanks_no_raw_target_ids	Treponema denticola ATCC 35405, complete genome	243275	2843201	2014/01/31	matched
CP002340.1	CAS-TypeIIC	Streptococcus	Streptococcaceae	Lactobacillales	Bacilli	Firmicutes	34	31	31	31	forward	XnnAGAAAnAA|XnnAnAA	34	A	61		needs_exact_same_strain_protein_and_experimental_gold	aggregate_consensus_flanks_no_raw_target_ids	Streptococcus thermophilus ND03, complete genome	767463	1831949	2014/01/31	matched
CP009470.1	CAS-TypeIIC	Staphylococcus	Staphylococcaceae	Bacillales	Bacilli	Firmicutes	36	31	31	31	reverse	XnnGAA	36	A	61		needs_exact_same_strain_protein_and_experimental_gold	aggregate_consensus_flanks_no_raw_target_ids	Staphylococcus schleiferi strain 1360-13, complete genome	1295	2435632	2015/09/23	matched
CP019935.1	CAS-TypeIIC	Streptococcus	Streptococcaceae	Lactobacillales	Bacilli	Firmicutes	34	31	31	31	forward	XnnAGAAAnAA|XnnAnAA	34	A	61		needs_exact_same_strain_protein_and_experimental_gold	aggregate_consensus_flanks_no_raw_target_ids	Streptococcus thermophilus strain APC151 chromosome, complete genome	1308	1839134	2017/03/03	matched
CP028149.1	CAS-TypeIIC	Clostridium	Clostridiaceae	Clostridiales	Clostridia	Firmicutes	42	31	31	31	forward	XnnnnnAAA	42	A	61		needs_exact_same_strain_protein_and_experimental_gold	aggregate_consensus_flanks_no_raw_target_ids	Clostridium perfringens strain JXJA17 chromosome, complete genome	1502	3324072	2018/07/31	matched
LR594047.1	CAS-TypeIIA	Streptococcus	Streptococcaceae	Lactobacillales	Bacilli	Firmicutes	33	31	31	31	reverse	XnGGnG	33	A	61		needs_exact_same_strain_protein_and_experimental_gold	aggregate_consensus_flanks_no_raw_target_ids	Streptococcus dysgalactiae subsp. equisimilis strain NCTC11554 genome assembly, chromosome: 1	119602	2233282	2019/05/17	matched
AP012054.1	CAS-TypeIIC	Streptococcus	Streptococcaceae	Lactobacillales	Bacilli	Firmicutes	37	30	30	30	reverse	XnnGnnAA|XnnnnAAA	37	A	60		needs_exact_same_strain_protein_and_experimental_gold	aggregate_consensus_flanks_no_raw_target_ids	Streptococcus pasteurianus ATCC 43144 DNA, complete genome	981540	2100077	2016/10/07	matched
CP007170.1	CAS-TypeIIA	Listeria	Listeriaceae	Bacillales	Bacilli	Firmicutes	31	30	30	30	reverse	XnGG	31	A	60		needs_exact_same_strain_protein_and_experimental_gold	aggregate_consensus_flanks_no_raw_target_ids	Listeria monocytogenes serotype 1/2a str. 10-0812, complete genome	1196165	2942234	2017/07/03	matched
CP007171.1	CAS-TypeIIA	Listeria	Listeriaceae	Bacillales	Bacilli	Firmicutes	31	30	30	30	reverse	XnGG	31	A	60		needs_exact_same_strain_protein_and_experimental_gold	aggregate_consensus_flanks_no_raw_target_ids	Listeria monocytogenes serotype 1/2a str. 10-0813, complete genome	1196166	2942234	2017/07/03	matched
CP007688.1	CAS-TypeIIA	Listeria	Listeriaceae	Bacillales	Bacilli	Firmicutes	31	30	30	30	reverse	XnGG	31	A	60		needs_exact_same_strain_protein_and_experimental_gold	aggregate_consensus_flanks_no_raw_target_ids	Listeria monocytogenes strain L1846, complete genome	1639	2947477	2015/06/03	matched
LR134282.1	CAS-TypeIIC	Streptococcus	Streptococcaceae	Lactobacillales	Bacilli	Firmicutes	34	30	30	30	reverse	XnnGCAAA	34	A	60		needs_exact_same_strain_protein_and_experimental_gold	aggregate_consensus_flanks_no_raw_target_ids	Streptococcus equinus strain NCTC8140 genome assembly, chromosome: 1	1335	1873522	2018/12/19	matched
LR594042.1	CAS-TypeIIC	Streptococcus	Streptococcaceae	Lactobacillales	Bacilli	Firmicutes	34	30	30	30	reverse	XnnGCAAA	34	A	60		needs_exact_same_strain_protein_and_experimental_gold	aggregate_consensus_flanks_no_raw_target_ids	Streptococcus equinus strain NCTC8133 genome assembly, chromosome: 1	1335	1867673	2020/08/03	matched
LT906436.1	CAS-TypeIIA	Listeria	Listeriaceae	Bacillales	Bacilli	Firmicutes	31	30	30	30	reverse	XnGG	31	A	60		needs_exact_same_strain_protein_and_experimental_gold	aggregate_consensus_flanks_no_raw_target_ids	Listeria monocytogenes strain NCTC10357 genome assembly, chromosome: 1	1639	2864663	2017/08/15	matched
CM003138.1	CAS-TypeIIC	Streptococcus	Streptococcaceae	Lactobacillales	Bacilli	Firmicutes	29	29	29	29	forward	XnnAGAAA	29	A	59		needs_exact_same_strain_protein_and_experimental_gold	aggregate_consensus_flanks_no_raw_target_ids	Streptococcus thermophilus 1F8CT chromosome, whole genome shotgun sequence	1435981	1736449	2015/02/18	matched
CP002002.1	CAS-TypeIIA	Listeria	Listeriaceae	Bacillales	Bacilli	Firmicutes	30	29	29	29	reverse	XnGG	30	A	59		needs_exact_same_strain_protein_and_experimental_gold	aggregate_consensus_flanks_no_raw_target_ids	Listeria monocytogenes 10403S, complete genome	393133	2903106	2014/02/13	matched
CP007684.1	CAS-TypeIIA	Listeria	Listeriaceae	Bacillales	Bacilli	Firmicutes	30	29	29	29	reverse	XnGG	30	A	59		needs_exact_same_strain_protein_and_experimental_gold	aggregate_consensus_flanks_no_raw_target_ids	Listeria monocytogenes strain L2626, complete genome	1639	2907486	2015/06/03	matched
CP014261.1	CAS-TypeIIA	Listeria	Listeriaceae	Bacillales	Bacilli	Firmicutes	30	29	29	29	reverse	XnGG	30	A	59		needs_exact_same_strain_protein_and_experimental_gold	aggregate_consensus_flanks_no_raw_target_ids	Listeria monocytogenes strain 2015TE19005-1355, complete genome	1639	2864291	2016/02/08	matched
CP014790.1	CAS-TypeIIA	Listeria	Listeriaceae	Bacillales	Bacilli	Firmicutes	30	29	29	29	reverse	XnGG	30	A	59		needs_exact_same_strain_protein_and_experimental_gold	aggregate_consensus_flanks_no_raw_target_ids	Listeria monocytogenes strain 2015TE24968 chromosome, complete genome	1639	2894716	2016/03/23	matched
CP028392.1	CAS-TypeIIA	Listeria	Listeriaceae	Bacillales	Bacilli	Firmicutes	30	29	29	29	reverse	XnGG	30	A	59		needs_exact_same_strain_protein_and_experimental_gold	aggregate_consensus_flanks_no_raw_target_ids	Listeria monocytogenes strain 2016TE2013 chromosome	1639	2894711	2018/04/09	matched
CP028393.1	CAS-TypeIIA	Listeria	Listeriaceae	Bacillales	Bacilli	Firmicutes	30	29	29	29	reverse	XnGG	30	A	59		needs_exact_same_strain_protein_and_experimental_gold	aggregate_consensus_flanks_no_raw_target_ids	Listeria monocytogenes strain 2016TE840-1-1 chromosome	1639	2894816	2018/04/09	matched
CP028394.1	CAS-TypeIIA	Listeria	Listeriaceae	Bacillales	Bacilli	Firmicutes	30	29	29	29	reverse	XnGG	30	A	59		needs_exact_same_strain_protein_and_experimental_gold	aggregate_consensus_flanks_no_raw_target_ids	Listeria monocytogenes strain 2016TE4965-1-1 chromosome	1639	2894814	2018/04/09	matched
CP028395.1	CAS-TypeIIA	Listeria	Listeriaceae	Bacillales	Bacilli	Firmicutes	30	29	29	29	reverse	XnGG	30	A	59		needs_exact_same_strain_protein_and_experimental_gold	aggregate_consensus_flanks_no_raw_target_ids	Listeria monocytogenes strain 2016TE4526-1-1 chromosome	1639	2894816	2018/04/09	matched
CP028396.1	CAS-TypeIIA	Listeria	Listeriaceae	Bacillales	Bacilli	Firmicutes	30	29	29	29	reverse	XnGG	30	A	59		needs_exact_same_strain_protein_and_experimental_gold	aggregate_consensus_flanks_no_raw_target_ids	Listeria monocytogenes strain 2016TE3773-1-1 chromosome	1639	2894816	2018/04/09	matched
CP028397.1	CAS-TypeIIA	Listeria	Listeriaceae	Bacillales	Bacilli	Firmicutes	30	29	29	29	reverse	XnGG	30	A	59		needs_exact_same_strain_protein_and_experimental_gold	aggregate_consensus_flanks_no_raw_target_ids	Listeria monocytogenes strain 2016TE3770-1-1 chromosome	1639	2894816	2018/04/09	matched
CP028398.1	CAS-TypeIIA	Listeria	Listeriaceae	Bacillales	Bacilli	Firmicutes	30	29	29	29	reverse	XnGG	30	A	59		needs_exact_same_strain_protein_and_experimental_gold	aggregate_consensus_flanks_no_raw_target_ids	Listeria monocytogenes strain 2016TE3767-1-1 chromosome	1639	2894815	2018/04/09	matched
CP028399.1	CAS-TypeIIA	Listeria	Listeriaceae	Bacillales	Bacilli	Firmicutes	30	29	29	29	reverse	XnGG	30	A	59		needs_exact_same_strain_protein_and_experimental_gold	aggregate_consensus_flanks_no_raw_target_ids	Listeria monocytogenes strain 2016TE3765-1-1 chromosome	1639	2894817	2018/04/09	matched
CP028400.1	CAS-TypeIIA	Listeria	Listeriaceae	Bacillales	Bacilli	Firmicutes	30	29	29	29	reverse	XnGG	30	A	59		needs_exact_same_strain_protein_and_experimental_gold	aggregate_consensus_flanks_no_raw_target_ids	Listeria monocytogenes strain 2016TE340 chromosome	1639	2894816	2018/04/09	matched
CP028401.1	CAS-TypeIIA	Listeria	Listeriaceae	Bacillales	Bacilli	Firmicutes	30	29	29	29	reverse	XnGG	30	A	59		needs_exact_same_strain_protein_and_experimental_gold	aggregate_consensus_flanks_no_raw_target_ids	Listeria monocytogenes strain 2016TE337 chromosome	1639	2894816	2018/04/09	matched
CP028402.1	CAS-TypeIIA	Listeria	Listeriaceae	Bacillales	Bacilli	Firmicutes	30	29	29	29	reverse	XnGG	30	A	59		needs_exact_same_strain_protein_and_experimental_gold	aggregate_consensus_flanks_no_raw_target_ids	Listeria monocytogenes strain 2016TE2143 chromosome	1639	2894816	2018/04/09	matched
CP028403.1	CAS-TypeIIA	Listeria	Listeriaceae	Bacillales	Bacilli	Firmicutes	30	29	29	29	reverse	XnGG	30	A	59		needs_exact_same_strain_protein_and_experimental_gold	aggregate_consensus_flanks_no_raw_target_ids	Listeria monocytogenes strain 2016TE1560 chromosome	1639	2894816	2018/04/09	matched
CP028404.1	CAS-TypeIIA	Listeria	Listeriaceae	Bacillales	Bacilli	Firmicutes	30	29	29	29	reverse	XnGG	30	A	59		needs_exact_same_strain_protein_and_experimental_gold	aggregate_consensus_flanks_no_raw_target_ids	Listeria monocytogenes strain 2015TE34286 chromosome	1639	2894816	2018/04/09	matched
CP028405.1	CAS-TypeIIA	Listeria	Listeriaceae	Bacillales	Bacilli	Firmicutes	30	29	29	29	reverse	XnGG	30	A	59		needs_exact_same_strain_protein_and_experimental_gold	aggregate_consensus_flanks_no_raw_target_ids	Listeria monocytogenes strain 2015TE24980 chromosome	1639	2863306	2018/04/09	matched
CP028406.1	CAS-TypeIIA	Listeria	Listeriaceae	Bacillales	Bacilli	Firmicutes	30	29	29	29	reverse	XnGG	30	A	59		needs_exact_same_strain_protein_and_experimental_gold	aggregate_consensus_flanks_no_raw_target_ids	Listeria monocytogenes strain 2015TE24968 chromosome	1639	2894710	2018/04/09	matched
CP028407.1	CAS-TypeIIA	Listeria	Listeriaceae	Bacillales	Bacilli	Firmicutes	30	29	29	29	reverse	XnGG	30	A	59		needs_exact_same_strain_protein_and_experimental_gold	aggregate_consensus_flanks_no_raw_target_ids	Listeria monocytogenes strain 2015TE22590 chromosome	1639	2894817	2018/04/09	matched
CP028408.1	CAS-TypeIIA	Listeria	Listeriaceae	Bacillales	Bacilli	Firmicutes	30	29	29	29	reverse	XnGG	30	A	59		needs_exact_same_strain_protein_and_experimental_gold	aggregate_consensus_flanks_no_raw_target_ids	Listeria monocytogenes strain 2015TE17781-9 chromosome	1639	2894813	2018/04/09	matched
CP028409.1	CAS-TypeIIA	Listeria	Listeriaceae	Bacillales	Bacilli	Firmicutes	30	29	29	29	reverse	XnGG	30	A	59		needs_exact_same_strain_protein_and_experimental_gold	aggregate_consensus_flanks_no_raw_target_ids	Listeria monocytogenes strain 2015TE17781-8 chromosome	1639	2894813	2018/04/09	matched
CP028410.1	CAS-TypeIIA	Listeria	Listeriaceae	Bacillales	Bacilli	Firmicutes	30	29	29	29	reverse	XnGG	30	A	59		needs_exact_same_strain_protein_and_experimental_gold	aggregate_consensus_flanks_no_raw_target_ids	Listeria monocytogenes strain 2015TE17781-7 chromosome	1639	2894816	2018/04/09	matched
CP028411.1	CAS-TypeIIA	Listeria	Listeriaceae	Bacillales	Bacilli	Firmicutes	30	29	29	29	reverse	XnGG	30	A	59		needs_exact_same_strain_protein_and_experimental_gold	aggregate_consensus_flanks_no_raw_target_ids	Listeria monocytogenes strain 2015TE17781-6 chromosome	1639	2894811	2018/04/09	matched
CP028412.1	CAS-TypeIIA	Listeria	Listeriaceae	Bacillales	Bacilli	Firmicutes	30	29	29	29	reverse	XnGG	30	A	59		needs_exact_same_strain_protein_and_experimental_gold	aggregate_consensus_flanks_no_raw_target_ids	Listeria monocytogenes strain 2015TE17781-5 chromosome	1639	2894815	2018/04/09	matched
CP028413.1	CAS-TypeIIA	Listeria	Listeriaceae	Bacillales	Bacilli	Firmicutes	30	29	29	29	reverse	XnGG	30	A	59		needs_exact_same_strain_protein_and_experimental_gold	aggregate_consensus_flanks_no_raw_target_ids	Listeria monocytogenes strain 2015TE17781-3 chromosome	1639	2894810	2018/04/09	matched
CP029372.1	CAS-TypeIIA	Listeria	Listeriaceae	Bacillales	Bacilli	Firmicutes	30	29	29	29	reverse	XnGG	30	A	59		needs_exact_same_strain_protein_and_experimental_gold	aggregate_consensus_flanks_no_raw_target_ids	Listeria monocytogenes strain 2018TE5305-1-4 chromosome, complete genome	1639	2894782	2018/05/21	matched
FQ312004.1	CAS-TypeIIC	Bacteroides	Bacteroidaceae	Bacteroidales	Bacteroidia	Bacteroidetes	29	29	29	29	forward	XnAnTnC	29	A	59		needs_exact_same_strain_protein_and_experimental_gold	aggregate_consensus_flanks_no_raw_target_ids	Bacteroides fragilis 638R genome	862962	5373121	2015/02/27	matched
LR594049.1	CAS-TypeIIC	Streptococcus	Streptococcaceae	Lactobacillales	Bacilli	Firmicutes	31	29	29	29	reverse	XnnGCAA	31	A	59		needs_exact_same_strain_protein_and_experimental_gold	aggregate_consensus_flanks_no_raw_target_ids	Streptococcus gordonii strain NCTC10231 genome assembly, chromosome: 1	1302	2185555	2019/05/17	matched
CM002370.1	CAS-TypeIIC	Streptococcus	Streptococcaceae	Lactobacillales	Bacilli	Firmicutes	30	28	28	28	forward	XnnAGAA	30	A	58		needs_exact_same_strain_protein_and_experimental_gold	aggregate_consensus_flanks_no_raw_target_ids	Streptococcus thermophilus TH1436 chromosome, whole genome shotgun sequence	1423145	1778760	2014/01/24	matched
CP014890.1	CAS-TypeIIC	Lactobacillus	Lactobacillaceae	Lactobacillales	Bacilli	Firmicutes	62	28	28	28	forward	XnnnnGTTT	62	A	58		needs_exact_same_strain_protein_and_experimental_gold	aggregate_consensus_flanks_no_raw_target_ids	Loigolactobacillus backii strain TMW 1.1992 chromosome, complete genome	375175	2548351	2016/09/27	matched
LR590477.1	CAS-TypeIIC	Neisseria	Neisseriaceae	Neisseriales	Betaproteobacteria	Proteobacteria	42	35	28	28	reverse	XGAA	42	A	58		needs_exact_same_strain_protein_and_experimental_gold	aggregate_consensus_flanks_no_raw_target_ids	Neisseria lactamica strain NCTC10617 genome assembly, chromosome: 1	486	2198889	2019/05/11	matched
LS483462.1	CAS-TypeIIC	Streptococcus	Streptococcaceae	Lactobacillales	Bacilli	Firmicutes	37	28	28	28	reverse	XnnGnnAA	37	A	58		needs_exact_same_strain_protein_and_experimental_gold	aggregate_consensus_flanks_no_raw_target_ids	Streptococcus pasteurianus strain NCTC13784 genome assembly, chromosome: 1	197614	2178089	2018/06/17	matched
CM003139.1	CAS-TypeIIA	Streptococcus	Streptococcaceae	Lactobacillales	Bacilli	Firmicutes	27	27	27	27	reverse	XnGGnG	27	A	57		needs_exact_same_strain_protein_and_experimental_gold	aggregate_consensus_flanks_no_raw_target_ids	Streptococcus thermophilus TH985 chromosome, whole genome shotgun sequence	1435972	1789956	2015/02/18	matched
CP003058.1	CAS-TypeIIA	Acidaminococcus	Acidaminococcaceae	Acidaminococcales	Negativicutes	Firmicutes	52	27	27	27	forward	XnGTAA	52	registered	57	ain-ryc-mr95-published-flanks	registered_retrospective_system	aggregate_consensus_flanks_no_raw_target_ids	Acidaminococcus intestini RyC-MR95, complete genome	568816	2487765	2014/01/31	matched
CP007685.1	CAS-TypeIIA	Listeria	Listeriaceae	Bacillales	Bacilli	Firmicutes	28	27	27	27	reverse	XnGG	28	A	57		needs_exact_same_strain_protein_and_experimental_gold	aggregate_consensus_flanks_no_raw_target_ids	Listeria monocytogenes strain L2676, complete genome	1639	2947293	2015/06/03	matched
CP014201.1	CAS-TypeIIA	Lactobacillus	Lactobacillaceae	Lactobacillales	Bacilli	Firmicutes	31	27	27	27	reverse	XnGAAA	31	A	57		needs_exact_same_strain_protein_and_experimental_gold	aggregate_consensus_flanks_no_raw_target_ids	Lactobacillus rhamnosus strain BFE5264, complete genome	47715	3068152	2017/02/06	matched
CP022384.1	CAS-TypeIIC	Capnocytophaga	Flavobacteriaceae	Flavobacteriales	Flavobacteriia	Bacteroidetes	33	27	27	27	reverse	XnnAAAG	33	A	57		needs_exact_same_strain_protein_and_experimental_gold	aggregate_consensus_flanks_no_raw_target_ids	Capnocytophaga leadbetteri strain H6253 chromosome, complete genome	327575	2504023	2018/06/26	matched
CP032621.1	CAS-TypeIIA	Streptococcus	Streptococcaceae	Lactobacillales	Bacilli	Firmicutes	29	27	27	27	forward	XnGG	29	A	57		needs_exact_same_strain_protein_and_experimental_gold	aggregate_consensus_flanks_no_raw_target_ids	Streptococcus gwangjuensis strain ChDC B345 chromosome, complete genome	1433513	1972481	2018/10/07	matched
LR134203.1	CAS-TypeIIA	Streptococcus	Streptococcaceae	Lactobacillales	Bacilli	Firmicutes	29	27	27	27	reverse	XnAGA	29	A	57		needs_exact_same_strain_protein_and_experimental_gold	aggregate_consensus_flanks_no_raw_target_ids	Streptococcus lutetiensis strain NCTC11436 genome assembly, chromosome: 1	150055	1852036	2020/08/03	matched
CM002371.1	CAS-TypeIIA	Streptococcus	Streptococcaceae	Lactobacillales	Bacilli	Firmicutes	26	26	26	26	reverse	XTGGnG	26	A	56		needs_exact_same_strain_protein_and_experimental_gold	aggregate_consensus_flanks_no_raw_target_ids	Streptococcus thermophilus MTH17CL396 chromosome, whole genome shotgun sequence	1433288	1820209	2014/01/24	matched
CP006594.1	CAS-TypeIIA	Listeria	Listeriaceae	Bacillales	Bacilli	Firmicutes	39	26	26	26	reverse	XnGG	39	A	56		needs_exact_same_strain_protein_and_experimental_gold	aggregate_consensus_flanks_no_raw_target_ids	Listeria monocytogenes strain R2-502, complete genome	1639	3034043	2014/07/30	matched
CP006597.1	CAS-TypeIIA	Listeria	Listeriaceae	Bacillales	Bacilli	Firmicutes	39	26	26	26	reverse	XnGG	39	A	56		needs_exact_same_strain_protein_and_experimental_gold	aggregate_consensus_flanks_no_raw_target_ids	Listeria monocytogenes strain N1-011A, complete genome	1639	3094342	2015/02/12	matched
CP016400.1	CAS-TypeIIA	Lactobacillus	Lactobacillaceae	Lactobacillales	Bacilli	Firmicutes	31	26	26	26	reverse	XAnGAA	31	A	56		needs_exact_same_strain_protein_and_experimental_gold	aggregate_consensus_flanks_no_raw_target_ids					not_resolved
CP023477.1	CAS-TypeIIA	Streptococcus	Streptococcaceae	Lactobacillales	Bacilli	Firmicutes	31	26	26	26	forward	XnGG	31	A	56		needs_exact_same_strain_protein_and_experimental_gold	aggregate_consensus_flanks_no_raw_target_ids	Streptococcus mutans strain LAR01 chromosome, complete genome	1309	2088369	2018/03/13	matched
CP035306.1	CAS-TypeIIA	Streptococcus	Streptococcaceae	Lactobacillales	Bacilli	Firmicutes	31	26	26	26	reverse	XnGGnG	31	A	56		needs_exact_same_strain_protein_and_experimental_gold	aggregate_consensus_flanks_no_raw_target_ids	Streptococcus thermophilus strain IDCC2201 chromosome, complete genome	1308	1794836	2019/01/28	matched
CP039381.1	CAS-TypeIIA	Ruminococcus	Ruminococcaceae	Clostridiales	Clostridia	Firmicutes	42	26	26	26	forward	XnnTAAA	42	A	56		needs_exact_same_strain_protein_and_experimental_gold	aggregate_consensus_flanks_no_raw_target_ids	Ruminococcus bovis strain JE7A12 chromosome, complete genome	2564099	2440231	2019/05/22	matched
FR720325.1	CAS-TypeIIA	Listeria	Listeriaceae	Bacillales	Bacilli	Firmicutes	39	26	26	26	reverse	XnGG	39	A	56		needs_exact_same_strain_protein_and_experimental_gold	aggregate_consensus_flanks_no_raw_target_ids	Listeria monocytogenes serotype 7 str. SLCC2482 complete genome	863767	2936689	2015/02/27	matched
FR733646.1	CAS-TypeIIA	Listeria	Listeriaceae	Bacillales	Bacilli	Firmicutes	39	26	26	26	reverse	XnGG	39	A	56		needs_exact_same_strain_protein_and_experimental_gold	aggregate_consensus_flanks_no_raw_target_ids	Listeria monocytogenes strain SLCC2755, serotype 1/2b	932919	2966146	2015/02/27	matched
CP000725.1	CAS-TypeIIC	Streptococcus	Streptococcaceae	Lactobacillales	Bacilli	Firmicutes	26	25	25	25	reverse	XnnAAAG	26	registered	55	sgo-challis-ch1-published-flanks	registered_retrospective_system	aggregate_consensus_flanks_no_raw_target_ids	Streptococcus gordonii str. Challis substr. CH1, complete genome	467705	2196662	2014/01/31	matched
CP007160.1	CAS-TypeIIA	Listeria	Listeriaceae	Bacillales	Bacilli	Firmicutes	26	25	25	25	reverse	XnGG	26	A	55		needs_exact_same_strain_protein_and_experimental_gold	aggregate_consensus_flanks_no_raw_target_ids	Listeria monocytogenes WSLC1001, complete genome	1457187	2951235	2014/05/21	matched
FR733647.1	CAS-TypeIIA	Listeria	Listeriaceae	Bacillales	Bacilli	Firmicutes	26	25	25	25	reverse	XnGG	26	A	55		needs_exact_same_strain_protein_and_experimental_gold	aggregate_consensus_flanks_no_raw_target_ids	Listeria monocytogenes strain SLCC5850, serotype 1/2a	882096	2907142	2015/02/27	matched
FR873482.1	CAS-TypeIIC	Streptococcus	Streptococcaceae	Lactobacillales	Bacilli	Firmicutes	25	25	25	25	forward	XnnAGAAA	25	registered	55	ssa-jim8777-published-flanks	registered_retrospective_system	aggregate_consensus_flanks_no_raw_target_ids	Streptococcus salivarius JIM8777 complete genome	347253	2210574	2015/02/27	matched
LR134291.1	CAS-TypeIIC	Streptococcus	Streptococcaceae	Lactobacillales	Bacilli	Firmicutes	26	25	25	25	reverse	XnnAAAG	26	A	55		needs_exact_same_strain_protein_and_experimental_gold	aggregate_consensus_flanks_no_raw_target_ids	Streptococcus gordonii strain NCTC7868 genome assembly, chromosome: 1	1302	2196660	2018/12/19	matched
LR134397.1	CAS-TypeIIA	Listeria	Listeriaceae	Bacillales	Bacilli	Firmicutes	26	25	25	25	reverse	XnGG	26	A	55		needs_exact_same_strain_protein_and_experimental_gold	aggregate_consensus_flanks_no_raw_target_ids	Listeria monocytogenes strain NCTC7973 genome assembly, chromosome: 1	1639	2908293	2018/12/19	matched
LR134400.1	CAS-TypeIIA	Listeria	Listeriaceae	Bacillales	Bacilli	Firmicutes	26	25	25	25	reverse	XnGG	26	A	55		needs_exact_same_strain_protein_and_experimental_gold	aggregate_consensus_flanks_no_raw_target_ids	Listeria monocytogenes strain NCTC7974 genome assembly, plasmid: 3	1639	593685	2018/12/19	matched
