chromosome_accession	subtype	genus	ncbi_title	expansion_published_pam_fields	experimental_abbreviation	experimental_organism	experimental_pam	experimental_protein_sha256	match_class	required_next_step
AP010655.1	CAS-TypeIIA	Streptococcus	Streptococcus mutans NN2025 DNA, complete genome	XnGG	Smu	Streptococcus_mutans_GS-5	NGGDT	015684f1a67bb02c3f759f99ab1822b2ef811b260bff2b93cfb8e43344000626	different_strain	exclude from exact benchmark registration
CM002372.1	CAS-TypeIIC	Streptococcus	Streptococcus thermophilus M17PTZA496 chromosome, whole genome shotgun sequence	XnnAAAAA	Sth1A	Streptococcus_thermophilus_LMG_18311	NHGYRAA	f7263a92f476a88fcd2999f5f645c7eec121bad46093967f6ab83bcbf804dc8f	different_strain	exclude from exact benchmark registration
CP031881.1	CAS-TypeIIC	Streptococcus	Streptococcus thermophilus strain ST106 chromosome, complete genome	XnnGAAAA	Sth1A	Streptococcus_thermophilus_LMG_18311	NHGYRAA	f7263a92f476a88fcd2999f5f645c7eec121bad46093967f6ab83bcbf804dc8f	different_strain	exclude from exact benchmark registration
CP031545.1	CAS-TypeIIC	Streptococcus	Streptococcus thermophilus strain ST109 chromosome, complete genome	XnnAGAAA	Sth1A	Streptococcus_thermophilus_LMG_18311	NHGYRAA	f7263a92f476a88fcd2999f5f645c7eec121bad46093967f6ab83bcbf804dc8f	different_strain	exclude from exact benchmark registration
HE613569.1	CAS-TypeIIC	Streptococcus	Streptococcus macedonicus ACA-DC 198 main chromosome complete genome	XnnGnAAA	Sma2	Streptococcus macedonicus	NHGYNAN(A>B)	8f418315b38a5107184f62fe8cd6b1acbf757f5b0822d74a3191938628024989	species_only_match_needs_strain	resolve experimental strain; do not register
LR594041.1	CAS-TypeIIC	Streptococcus	Streptococcus gordonii strain NCTC9124 genome assembly, chromosome: 1	XnnAAAG	Sgo	Streptococcus_gordonii_str._Challis_substr._CH1	NNAAAG	a853688e03f32cb7d2d25914110ff0aa67f9d91c6338cb9b9b1ca288b6f84fb2	different_strain	exclude from exact benchmark registration
LS974444.1	CAS-TypeIIC	Streptococcus	Streptococcus thermophilus strain N4L genome assembly, chromosome: 1	XnnAAAAA	Sth1A	Streptococcus_thermophilus_LMG_18311	NHGYRAA	f7263a92f476a88fcd2999f5f645c7eec121bad46093967f6ab83bcbf804dc8f	different_strain	exclude from exact benchmark registration
FR875178.1	CAS-TypeIIC	Streptococcus	Streptococcus thermophilus JIM 8232 complete genome	XnnAGAAA	Sth1A	Streptococcus_thermophilus_LMG_18311	NHGYRAA	f7263a92f476a88fcd2999f5f645c7eec121bad46093967f6ab83bcbf804dc8f	different_strain	exclude from exact benchmark registration
CM002371.1	CAS-TypeIIC	Streptococcus	Streptococcus thermophilus MTH17CL396 chromosome, whole genome shotgun sequence	XnnAAAAA|XnnAGAAA|XnnAGAAAnAA	Sth1A	Streptococcus_thermophilus_LMG_18311	NHGYRAA	f7263a92f476a88fcd2999f5f645c7eec121bad46093967f6ab83bcbf804dc8f	different_strain	exclude from exact benchmark registration
CP025399.1	CAS-TypeIIC	Streptococcus	Streptococcus thermophilus strain GABA chromosome, complete genome	XnnAAAAA|XnnAGAAA	Sth1A	Streptococcus_thermophilus_LMG_18311	NHGYRAA	f7263a92f476a88fcd2999f5f645c7eec121bad46093967f6ab83bcbf804dc8f	different_strain	exclude from exact benchmark registration
CM002369.1	CAS-TypeIIC	Streptococcus	Streptococcus thermophilus TH1435 chromosome, whole genome shotgun sequence	XnnAGAAA|XnnAGAAAnAA	Sth1A	Streptococcus_thermophilus_LMG_18311	NHGYRAA	f7263a92f476a88fcd2999f5f645c7eec121bad46093967f6ab83bcbf804dc8f	different_strain	exclude from exact benchmark registration
LS483306.1	CAS-TypeIIC	Enterococcus	Enterococcus cecorum strain NCTC12421 genome assembly, chromosome: 1	XnnnnAAA	Ece	Enterococcus cecorum	NNGH(W>C)AAA	afcaed43f644527577f1b5939d5183de1b1aacc4b75d97b60206b3e8d4a283b1	species_only_match_needs_strain	resolve experimental strain; do not register
AE017226.1	CAS-TypeIIA	Treponema	Treponema denticola ATCC 35405, complete genome	XnAnAA	Tde	Treponema_denticola_ATCC_35405	NAAAAY	a16cf6788a6dca8a92d07b7c23ad23cd3ee4fccbba55ff2f939d59c84edd5dcd	exact_strain_text_match_candidate	compare accession Cas9 translation to experimental protein SHA256
CP002340.1	CAS-TypeIIC	Streptococcus	Streptococcus thermophilus ND03, complete genome	XnnAGAAAnAA|XnnAnAA	Sth1A	Streptococcus_thermophilus_LMG_18311	NHGYRAA	f7263a92f476a88fcd2999f5f645c7eec121bad46093967f6ab83bcbf804dc8f	different_strain	exclude from exact benchmark registration
CP019935.1	CAS-TypeIIC	Streptococcus	Streptococcus thermophilus strain APC151 chromosome, complete genome	XnnAGAAAnAA|XnnAnAA	Sth1A	Streptococcus_thermophilus_LMG_18311	NHGYRAA	f7263a92f476a88fcd2999f5f645c7eec121bad46093967f6ab83bcbf804dc8f	different_strain	exclude from exact benchmark registration
CP028149.1	CAS-TypeIIC	Clostridium	Clostridium perfringens strain JXJA17 chromosome, complete genome	XnnnnnAAA	Cpe	Clostridium perfringens	NNNNCVGAa	798dc78b0546314fcc30e41f750148d75e0971558496a951ba4971dbf407d681	species_only_match_needs_strain	resolve experimental strain; do not register
LR594047.1	CAS-TypeIIA	Streptococcus	Streptococcus dysgalactiae subsp. equisimilis strain NCTC11554 genome assembly, chromosome: 1	XnGGnG	Sdy	Streptococcus_dysgalactiae_subsp._equisimilis_AC-2713	NGGNG	2b476818e1648b6e158da808692b408c8a8d32f227ebeeb6f0f942f6ffff8f7b	different_strain	exclude from exact benchmark registration
CP007170.1	CAS-TypeIIA	Listeria	Listeria monocytogenes serotype 1/2a str. 10-0812, complete genome	XnGG	Lmo	Listeria monocytogenes	N(B>A)GG	177a25b53450d688968dcfc1ac0c612caaa64c4725cab08df8aa2b974a24dff5	species_only_match_needs_strain	resolve experimental strain; do not register
CP007171.1	CAS-TypeIIA	Listeria	Listeria monocytogenes serotype 1/2a str. 10-0813, complete genome	XnGG	Lmo	Listeria monocytogenes	N(B>A)GG	177a25b53450d688968dcfc1ac0c612caaa64c4725cab08df8aa2b974a24dff5	species_only_match_needs_strain	resolve experimental strain; do not register
CP007688.1	CAS-TypeIIA	Listeria	Listeria monocytogenes strain L1846, complete genome	XnGG	Lmo	Listeria monocytogenes	N(B>A)GG	177a25b53450d688968dcfc1ac0c612caaa64c4725cab08df8aa2b974a24dff5	species_only_match_needs_strain	resolve experimental strain; do not register
LR134282.1	CAS-TypeIIC	Streptococcus	Streptococcus equinus strain NCTC8140 genome assembly, chromosome: 1	XnnGCAAA	Seq1	Streptococcus equinus	N(T>C>R)AGAN(A>K>C)NN	d34a6c58a16d77606b88dd239eea737a48773914e72f5159c0a6352a352ba2cf	species_only_match_needs_strain	resolve experimental strain; do not register
LR594042.1	CAS-TypeIIC	Streptococcus	Streptococcus equinus strain NCTC8133 genome assembly, chromosome: 1	XnnGCAAA	Seq1	Streptococcus equinus	N(T>C>R)AGAN(A>K>C)NN	d34a6c58a16d77606b88dd239eea737a48773914e72f5159c0a6352a352ba2cf	species_only_match_needs_strain	resolve experimental strain; do not register
LT906436.1	CAS-TypeIIA	Listeria	Listeria monocytogenes strain NCTC10357 genome assembly, chromosome: 1	XnGG	Lmo	Listeria monocytogenes	N(B>A)GG	177a25b53450d688968dcfc1ac0c612caaa64c4725cab08df8aa2b974a24dff5	species_only_match_needs_strain	resolve experimental strain; do not register
CM003138.1	CAS-TypeIIC	Streptococcus	Streptococcus thermophilus 1F8CT chromosome, whole genome shotgun sequence	XnnAGAAA	Sth1A	Streptococcus_thermophilus_LMG_18311	NHGYRAA	f7263a92f476a88fcd2999f5f645c7eec121bad46093967f6ab83bcbf804dc8f	different_strain	exclude from exact benchmark registration
CP002002.1	CAS-TypeIIA	Listeria	Listeria monocytogenes 10403S, complete genome	XnGG	Lmo	Listeria monocytogenes	N(B>A)GG	177a25b53450d688968dcfc1ac0c612caaa64c4725cab08df8aa2b974a24dff5	species_only_match_needs_strain	resolve experimental strain; do not register
CP007684.1	CAS-TypeIIA	Listeria	Listeria monocytogenes strain L2626, complete genome	XnGG	Lmo	Listeria monocytogenes	N(B>A)GG	177a25b53450d688968dcfc1ac0c612caaa64c4725cab08df8aa2b974a24dff5	species_only_match_needs_strain	resolve experimental strain; do not register
CP014261.1	CAS-TypeIIA	Listeria	Listeria monocytogenes strain 2015TE19005-1355, complete genome	XnGG	Lmo	Listeria monocytogenes	N(B>A)GG	177a25b53450d688968dcfc1ac0c612caaa64c4725cab08df8aa2b974a24dff5	species_only_match_needs_strain	resolve experimental strain; do not register
CP014790.1	CAS-TypeIIA	Listeria	Listeria monocytogenes strain 2015TE24968 chromosome, complete genome	XnGG	Lmo	Listeria monocytogenes	N(B>A)GG	177a25b53450d688968dcfc1ac0c612caaa64c4725cab08df8aa2b974a24dff5	species_only_match_needs_strain	resolve experimental strain; do not register
CP028392.1	CAS-TypeIIA	Listeria	Listeria monocytogenes strain 2016TE2013 chromosome	XnGG	Lmo	Listeria monocytogenes	N(B>A)GG	177a25b53450d688968dcfc1ac0c612caaa64c4725cab08df8aa2b974a24dff5	species_only_match_needs_strain	resolve experimental strain; do not register
CP028393.1	CAS-TypeIIA	Listeria	Listeria monocytogenes strain 2016TE840-1-1 chromosome	XnGG	Lmo	Listeria monocytogenes	N(B>A)GG	177a25b53450d688968dcfc1ac0c612caaa64c4725cab08df8aa2b974a24dff5	species_only_match_needs_strain	resolve experimental strain; do not register
CP028394.1	CAS-TypeIIA	Listeria	Listeria monocytogenes strain 2016TE4965-1-1 chromosome	XnGG	Lmo	Listeria monocytogenes	N(B>A)GG	177a25b53450d688968dcfc1ac0c612caaa64c4725cab08df8aa2b974a24dff5	species_only_match_needs_strain	resolve experimental strain; do not register
CP028395.1	CAS-TypeIIA	Listeria	Listeria monocytogenes strain 2016TE4526-1-1 chromosome	XnGG	Lmo	Listeria monocytogenes	N(B>A)GG	177a25b53450d688968dcfc1ac0c612caaa64c4725cab08df8aa2b974a24dff5	species_only_match_needs_strain	resolve experimental strain; do not register
CP028396.1	CAS-TypeIIA	Listeria	Listeria monocytogenes strain 2016TE3773-1-1 chromosome	XnGG	Lmo	Listeria monocytogenes	N(B>A)GG	177a25b53450d688968dcfc1ac0c612caaa64c4725cab08df8aa2b974a24dff5	species_only_match_needs_strain	resolve experimental strain; do not register
CP028397.1	CAS-TypeIIA	Listeria	Listeria monocytogenes strain 2016TE3770-1-1 chromosome	XnGG	Lmo	Listeria monocytogenes	N(B>A)GG	177a25b53450d688968dcfc1ac0c612caaa64c4725cab08df8aa2b974a24dff5	species_only_match_needs_strain	resolve experimental strain; do not register
CP028398.1	CAS-TypeIIA	Listeria	Listeria monocytogenes strain 2016TE3767-1-1 chromosome	XnGG	Lmo	Listeria monocytogenes	N(B>A)GG	177a25b53450d688968dcfc1ac0c612caaa64c4725cab08df8aa2b974a24dff5	species_only_match_needs_strain	resolve experimental strain; do not register
CP028399.1	CAS-TypeIIA	Listeria	Listeria monocytogenes strain 2016TE3765-1-1 chromosome	XnGG	Lmo	Listeria monocytogenes	N(B>A)GG	177a25b53450d688968dcfc1ac0c612caaa64c4725cab08df8aa2b974a24dff5	species_only_match_needs_strain	resolve experimental strain; do not register
CP028400.1	CAS-TypeIIA	Listeria	Listeria monocytogenes strain 2016TE340 chromosome	XnGG	Lmo	Listeria monocytogenes	N(B>A)GG	177a25b53450d688968dcfc1ac0c612caaa64c4725cab08df8aa2b974a24dff5	species_only_match_needs_strain	resolve experimental strain; do not register
CP028401.1	CAS-TypeIIA	Listeria	Listeria monocytogenes strain 2016TE337 chromosome	XnGG	Lmo	Listeria monocytogenes	N(B>A)GG	177a25b53450d688968dcfc1ac0c612caaa64c4725cab08df8aa2b974a24dff5	species_only_match_needs_strain	resolve experimental strain; do not register
CP028402.1	CAS-TypeIIA	Listeria	Listeria monocytogenes strain 2016TE2143 chromosome	XnGG	Lmo	Listeria monocytogenes	N(B>A)GG	177a25b53450d688968dcfc1ac0c612caaa64c4725cab08df8aa2b974a24dff5	species_only_match_needs_strain	resolve experimental strain; do not register
CP028403.1	CAS-TypeIIA	Listeria	Listeria monocytogenes strain 2016TE1560 chromosome	XnGG	Lmo	Listeria monocytogenes	N(B>A)GG	177a25b53450d688968dcfc1ac0c612caaa64c4725cab08df8aa2b974a24dff5	species_only_match_needs_strain	resolve experimental strain; do not register
CP028404.1	CAS-TypeIIA	Listeria	Listeria monocytogenes strain 2015TE34286 chromosome	XnGG	Lmo	Listeria monocytogenes	N(B>A)GG	177a25b53450d688968dcfc1ac0c612caaa64c4725cab08df8aa2b974a24dff5	species_only_match_needs_strain	resolve experimental strain; do not register
CP028405.1	CAS-TypeIIA	Listeria	Listeria monocytogenes strain 2015TE24980 chromosome	XnGG	Lmo	Listeria monocytogenes	N(B>A)GG	177a25b53450d688968dcfc1ac0c612caaa64c4725cab08df8aa2b974a24dff5	species_only_match_needs_strain	resolve experimental strain; do not register
CP028406.1	CAS-TypeIIA	Listeria	Listeria monocytogenes strain 2015TE24968 chromosome	XnGG	Lmo	Listeria monocytogenes	N(B>A)GG	177a25b53450d688968dcfc1ac0c612caaa64c4725cab08df8aa2b974a24dff5	species_only_match_needs_strain	resolve experimental strain; do not register
CP028407.1	CAS-TypeIIA	Listeria	Listeria monocytogenes strain 2015TE22590 chromosome	XnGG	Lmo	Listeria monocytogenes	N(B>A)GG	177a25b53450d688968dcfc1ac0c612caaa64c4725cab08df8aa2b974a24dff5	species_only_match_needs_strain	resolve experimental strain; do not register
CP028408.1	CAS-TypeIIA	Listeria	Listeria monocytogenes strain 2015TE17781-9 chromosome	XnGG	Lmo	Listeria monocytogenes	N(B>A)GG	177a25b53450d688968dcfc1ac0c612caaa64c4725cab08df8aa2b974a24dff5	species_only_match_needs_strain	resolve experimental strain; do not register
CP028409.1	CAS-TypeIIA	Listeria	Listeria monocytogenes strain 2015TE17781-8 chromosome	XnGG	Lmo	Listeria monocytogenes	N(B>A)GG	177a25b53450d688968dcfc1ac0c612caaa64c4725cab08df8aa2b974a24dff5	species_only_match_needs_strain	resolve experimental strain; do not register
CP028410.1	CAS-TypeIIA	Listeria	Listeria monocytogenes strain 2015TE17781-7 chromosome	XnGG	Lmo	Listeria monocytogenes	N(B>A)GG	177a25b53450d688968dcfc1ac0c612caaa64c4725cab08df8aa2b974a24dff5	species_only_match_needs_strain	resolve experimental strain; do not register
CP028411.1	CAS-TypeIIA	Listeria	Listeria monocytogenes strain 2015TE17781-6 chromosome	XnGG	Lmo	Listeria monocytogenes	N(B>A)GG	177a25b53450d688968dcfc1ac0c612caaa64c4725cab08df8aa2b974a24dff5	species_only_match_needs_strain	resolve experimental strain; do not register
CP028412.1	CAS-TypeIIA	Listeria	Listeria monocytogenes strain 2015TE17781-5 chromosome	XnGG	Lmo	Listeria monocytogenes	N(B>A)GG	177a25b53450d688968dcfc1ac0c612caaa64c4725cab08df8aa2b974a24dff5	species_only_match_needs_strain	resolve experimental strain; do not register
CP028413.1	CAS-TypeIIA	Listeria	Listeria monocytogenes strain 2015TE17781-3 chromosome	XnGG	Lmo	Listeria monocytogenes	N(B>A)GG	177a25b53450d688968dcfc1ac0c612caaa64c4725cab08df8aa2b974a24dff5	species_only_match_needs_strain	resolve experimental strain; do not register
CP029372.1	CAS-TypeIIA	Listeria	Listeria monocytogenes strain 2018TE5305-1-4 chromosome, complete genome	XnGG	Lmo	Listeria monocytogenes	N(B>A)GG	177a25b53450d688968dcfc1ac0c612caaa64c4725cab08df8aa2b974a24dff5	species_only_match_needs_strain	resolve experimental strain; do not register
LR594049.1	CAS-TypeIIC	Streptococcus	Streptococcus gordonii strain NCTC10231 genome assembly, chromosome: 1	XnnGCAA	Sgo	Streptococcus_gordonii_str._Challis_substr._CH1	NNAAAG	a853688e03f32cb7d2d25914110ff0aa67f9d91c6338cb9b9b1ca288b6f84fb2	different_strain	exclude from exact benchmark registration
CM002370.1	CAS-TypeIIC	Streptococcus	Streptococcus thermophilus TH1436 chromosome, whole genome shotgun sequence	XnnAGAA	Sth1A	Streptococcus_thermophilus_LMG_18311	NHGYRAA	f7263a92f476a88fcd2999f5f645c7eec121bad46093967f6ab83bcbf804dc8f	different_strain	exclude from exact benchmark registration
CP031334.1	CAS-TypeIIC	Neisseria	Neisseria meningitidis strain M22293 chromosome, complete genome		Nme2	Neisseria meningitidis	NHDTCCA	73e5b4626f7c7b280f2f5abc15b510fcf633430f8efdb573fbe34cf3640ce706	species_only_match_needs_strain	resolve experimental strain; do not register
CM003139.1	CAS-TypeIIA	Streptococcus	Streptococcus thermophilus TH985 chromosome, whole genome shotgun sequence	XnGGnG	Sth1A	Streptococcus_thermophilus_LMG_18311	NHGYRAA	f7263a92f476a88fcd2999f5f645c7eec121bad46093967f6ab83bcbf804dc8f	different_strain	exclude from exact benchmark registration
CP003058.1	CAS-TypeIIA	Acidaminococcus	Acidaminococcus intestini RyC-MR95, complete genome	XnGTAA	Ain	Acidaminococcus_intestini_RyC-MR95	NRTAW	43717d44ced0ac18b548416372a62cf0a6373cff4712d992eecaa6d7cb3bb9b5	exact_strain_text_match_candidate	compare accession Cas9 translation to experimental protein SHA256
CP007685.1	CAS-TypeIIA	Listeria	Listeria monocytogenes strain L2676, complete genome	XnGG	Lmo	Listeria monocytogenes	N(B>A)GG	177a25b53450d688968dcfc1ac0c612caaa64c4725cab08df8aa2b974a24dff5	species_only_match_needs_strain	resolve experimental strain; do not register
CP014201.1	CAS-TypeIIA	Lactobacillus	Lactobacillus rhamnosus strain BFE5264, complete genome	XnGAAA	Lrh	Lactobacillus_rhamnosus_LOCK900	N(T>V)NTAAW(A>T)	28965cf1d70e9f51a8957e700602259d2406667b88eeac32207a4d09cda8547c	different_strain	exclude from exact benchmark registration
CM002371.1	CAS-TypeIIA	Streptococcus	Streptococcus thermophilus MTH17CL396 chromosome, whole genome shotgun sequence	XTGGnG	Sth1A	Streptococcus_thermophilus_LMG_18311	NHGYRAA	f7263a92f476a88fcd2999f5f645c7eec121bad46093967f6ab83bcbf804dc8f	different_strain	exclude from exact benchmark registration
CP006594.1	CAS-TypeIIA	Listeria	Listeria monocytogenes strain R2-502, complete genome	XnGG	Lmo	Listeria monocytogenes	N(B>A)GG	177a25b53450d688968dcfc1ac0c612caaa64c4725cab08df8aa2b974a24dff5	species_only_match_needs_strain	resolve experimental strain; do not register
CP006597.1	CAS-TypeIIA	Listeria	Listeria monocytogenes strain N1-011A, complete genome	XnGG	Lmo	Listeria monocytogenes	N(B>A)GG	177a25b53450d688968dcfc1ac0c612caaa64c4725cab08df8aa2b974a24dff5	species_only_match_needs_strain	resolve experimental strain; do not register
CP023477.1	CAS-TypeIIA	Streptococcus	Streptococcus mutans strain LAR01 chromosome, complete genome	XnGG	Smu	Streptococcus_mutans_GS-5	NGGDT	015684f1a67bb02c3f759f99ab1822b2ef811b260bff2b93cfb8e43344000626	different_strain	exclude from exact benchmark registration
CP035306.1	CAS-TypeIIA	Streptococcus	Streptococcus thermophilus strain IDCC2201 chromosome, complete genome	XnGGnG	Sth1A	Streptococcus_thermophilus_LMG_18311	NHGYRAA	f7263a92f476a88fcd2999f5f645c7eec121bad46093967f6ab83bcbf804dc8f	different_strain	exclude from exact benchmark registration
FR720325.1	CAS-TypeIIA	Listeria	Listeria monocytogenes serotype 7 str. SLCC2482 complete genome	XnGG	Lmo	Listeria monocytogenes	N(B>A)GG	177a25b53450d688968dcfc1ac0c612caaa64c4725cab08df8aa2b974a24dff5	species_only_match_needs_strain	resolve experimental strain; do not register
FR733646.1	CAS-TypeIIA	Listeria	Listeria monocytogenes strain SLCC2755, serotype 1/2b	XnGG	Lmo	Listeria monocytogenes	N(B>A)GG	177a25b53450d688968dcfc1ac0c612caaa64c4725cab08df8aa2b974a24dff5	species_only_match_needs_strain	resolve experimental strain; do not register
CP000725.1	CAS-TypeIIC	Streptococcus	Streptococcus gordonii str. Challis substr. CH1, complete genome	XnnAAAG	Sgo	Streptococcus_gordonii_str._Challis_substr._CH1	NNAAAG	a853688e03f32cb7d2d25914110ff0aa67f9d91c6338cb9b9b1ca288b6f84fb2	exact_strain_text_match_candidate	compare accession Cas9 translation to experimental protein SHA256
CP007160.1	CAS-TypeIIA	Listeria	Listeria monocytogenes WSLC1001, complete genome	XnGG	Lmo	Listeria monocytogenes	N(B>A)GG	177a25b53450d688968dcfc1ac0c612caaa64c4725cab08df8aa2b974a24dff5	species_only_match_needs_strain	resolve experimental strain; do not register
FR733647.1	CAS-TypeIIA	Listeria	Listeria monocytogenes strain SLCC5850, serotype 1/2a	XnGG	Lmo	Listeria monocytogenes	N(B>A)GG	177a25b53450d688968dcfc1ac0c612caaa64c4725cab08df8aa2b974a24dff5	species_only_match_needs_strain	resolve experimental strain; do not register
FR873482.1	CAS-TypeIIC	Streptococcus	Streptococcus salivarius JIM8777 complete genome	XnnAGAAA	Ssa	Streptococcus_salivarius_JIM8777	NNAGAAA	2a24a5d691d595d29b86d0a9cf4af55d22933bcdfd63fb0c13b927eba5fe23ff	exact_strain_text_match_candidate	compare accession Cas9 translation to experimental protein SHA256
LR134291.1	CAS-TypeIIC	Streptococcus	Streptococcus gordonii strain NCTC7868 genome assembly, chromosome: 1	XnnAAAG	Sgo	Streptococcus_gordonii_str._Challis_substr._CH1	NNAAAG	a853688e03f32cb7d2d25914110ff0aa67f9d91c6338cb9b9b1ca288b6f84fb2	different_strain	exclude from exact benchmark registration
LR134397.1	CAS-TypeIIA	Listeria	Listeria monocytogenes strain NCTC7973 genome assembly, chromosome: 1	XnGG	Lmo	Listeria monocytogenes	N(B>A)GG	177a25b53450d688968dcfc1ac0c612caaa64c4725cab08df8aa2b974a24dff5	species_only_match_needs_strain	resolve experimental strain; do not register
LR134400.1	CAS-TypeIIA	Listeria	Listeria monocytogenes strain NCTC7974 genome assembly, plasmid: 3	XnGG	Lmo	Listeria monocytogenes	N(B>A)GG	177a25b53450d688968dcfc1ac0c612caaa64c4725cab08df8aa2b974a24dff5	species_only_match_needs_strain	resolve experimental strain; do not register
CP003499.1	CAS-TypeIIC	Streptococcus	Streptococcus thermophilus MN-ZLW-002, complete genome	XnnAGAAA|XnnAGAAAnAA|XnnAnAAA	Sth1A	Streptococcus_thermophilus_LMG_18311	NHGYRAA	f7263a92f476a88fcd2999f5f645c7eec121bad46093967f6ab83bcbf804dc8f	different_strain	exclude from exact benchmark registration
CP012588.1	CAS-TypeIIC	Streptococcus	Streptococcus thermophilus strain MN-BM-A01, complete genome	XnnAGAAA|XnnAGAAAnAA|XnnAnAAA	Sth1A	Streptococcus_thermophilus_LMG_18311	NHGYRAA	f7263a92f476a88fcd2999f5f645c7eec121bad46093967f6ab83bcbf804dc8f	different_strain	exclude from exact benchmark registration
CP019979.1	CAS-TypeIIA	Streptococcus	Streptococcus agalactiae strain Sag158 chromosome, complete genome	XnGG	Sag1	Streptococcus agalactiae	NGG	1d6f13fa1c35fa75136d32ed3ab59c6abf20fbd68ef8d0096da4b52eead712f9	species_only_match_needs_strain	resolve experimental strain; do not register
CP019979.1	CAS-TypeIIA	Streptococcus	Streptococcus agalactiae strain Sag158 chromosome, complete genome	XnGG	Sag2	Streptococcus_agalactiae_NEM316	NGGD(A>K)W(T>A)	7b669277d9fb5380d4602fc7df95a677e1b00c01c5cd89ac5ee2c990d5624b1e	different_strain	exclude from exact benchmark registration
HG421741.1	CAS-TypeIIA	Listeria	Listeria monocytogenes EGD, complete genome	XnGG	Lmo	Listeria monocytogenes	N(B>A)GG	177a25b53450d688968dcfc1ac0c612caaa64c4725cab08df8aa2b974a24dff5	species_only_match_needs_strain	resolve experimental strain; do not register
AP012053.1	CAS-TypeIIA	Streptococcus	Streptococcus gallolyticus subsp. gallolyticus ATCC 43143 DNA, complete genome	XTGnnT	Sga	Streptococcus_gallolyticus_subsp._gallolyticus_ATCC_43143	NGGD(A>T>G)H(T>M)	288587c9c8275c3c62c6384a1936c1970a5441a61cc8ee1e826eca4e2fd571f0	exact_strain_text_match_candidate	compare accession Cas9 translation to experimental protein SHA256
CP000023.1	CAS-TypeIIC	Streptococcus	Streptococcus thermophilus LMG 18311, complete genome	XnnGnnAA	Sth1A	Streptococcus_thermophilus_LMG_18311	NHGYRAA	f7263a92f476a88fcd2999f5f645c7eec121bad46093967f6ab83bcbf804dc8f	exact_strain_text_match_candidate	compare accession Cas9 translation to experimental protein SHA256
CP017064.1	CAS-TypeIIA	Streptococcus	Streptococcus thermophilus strain ST3, complete genome	XnGGnG	Sth1A	Streptococcus_thermophilus_LMG_18311	NHGYRAA	f7263a92f476a88fcd2999f5f645c7eec121bad46093967f6ab83bcbf804dc8f	different_strain	exclude from exact benchmark registration
LS483339.1	CAS-TypeIIC	Streptococcus	Streptococcus thermophilus strain NCTC12958 genome assembly, chromosome: 1	XnnGAAAA|XnnnAAAA	Sth1A	Streptococcus_thermophilus_LMG_18311	NHGYRAA	f7263a92f476a88fcd2999f5f645c7eec121bad46093967f6ab83bcbf804dc8f	different_strain	exclude from exact benchmark registration
CM002370.1	CAS-TypeIIA	Streptococcus	Streptococcus thermophilus TH1436 chromosome, whole genome shotgun sequence	XnGGnG	Sth1A	Streptococcus_thermophilus_LMG_18311	NHGYRAA	f7263a92f476a88fcd2999f5f645c7eec121bad46093967f6ab83bcbf804dc8f	different_strain	exclude from exact benchmark registration
LR134292.1	CAS-TypeIIC	Streptococcus	Streptococcus equinus strain NCTC10389 genome assembly, chromosome: 1	XnnAnAAC	Seq1	Streptococcus equinus	N(T>C>R)AGAN(A>K>C)NN	d34a6c58a16d77606b88dd239eea737a48773914e72f5159c0a6352a352ba2cf	species_only_match_needs_strain	resolve experimental strain; do not register
AP018726.1	CAS-TypeIIA	Streptococcus	Streptococcus dysgalactiae Kdys0611 DNA, complete genome	XnAGTT	Sdy	Streptococcus_dysgalactiae_subsp._equisimilis_AC-2713	NGGNG	2b476818e1648b6e158da808692b408c8a8d32f227ebeeb6f0f942f6ffff8f7b	different_strain	exclude from exact benchmark registration
CP007631.2	CAS-TypeIIA	Streptococcus	Streptococcus agalactiae strain NGBS061, complete genome	XTGGnT|XnGG	Sag1	Streptococcus agalactiae	NGG	1d6f13fa1c35fa75136d32ed3ab59c6abf20fbd68ef8d0096da4b52eead712f9	species_only_match_needs_strain	resolve experimental strain; do not register
CP007631.2	CAS-TypeIIA	Streptococcus	Streptococcus agalactiae strain NGBS061, complete genome	XTGGnT|XnGG	Sag2	Streptococcus_agalactiae_NEM316	NGGD(A>K)W(T>A)	7b669277d9fb5380d4602fc7df95a677e1b00c01c5cd89ac5ee2c990d5624b1e	different_strain	exclude from exact benchmark registration
CP013688.1	CAS-TypeIIC	Streptococcus	Streptococcus gallolyticus strain ICDDRB-NRC-S1, complete genome	XnTnAnA	Sga	Streptococcus_gallolyticus_subsp._gallolyticus_ATCC_43143	NGGD(A>T>G)H(T>M)	288587c9c8275c3c62c6384a1936c1970a5441a61cc8ee1e826eca4e2fd571f0	different_strain	exclude from exact benchmark registration
CP021770.1	CAS-TypeIIA	Streptococcus	Streptococcus agalactiae strain B508 chromosome, complete genome	XnGG	Sag1	Streptococcus agalactiae	NGG	1d6f13fa1c35fa75136d32ed3ab59c6abf20fbd68ef8d0096da4b52eead712f9	species_only_match_needs_strain	resolve experimental strain; do not register
CP021770.1	CAS-TypeIIA	Streptococcus	Streptococcus agalactiae strain B508 chromosome, complete genome	XnGG	Sag2	Streptococcus_agalactiae_NEM316	NGGD(A>K)W(T>A)	7b669277d9fb5380d4602fc7df95a677e1b00c01c5cd89ac5ee2c990d5624b1e	different_strain	exclude from exact benchmark registration
LS974444.1	CAS-TypeIIA	Streptococcus	Streptococcus thermophilus strain N4L genome assembly, chromosome: 1	XnGGnG	Sth1A	Streptococcus_thermophilus_LMG_18311	NHGYRAA	f7263a92f476a88fcd2999f5f645c7eec121bad46093967f6ab83bcbf804dc8f	different_strain	exclude from exact benchmark registration
CP002215.1	CAS-TypeIIA	Streptococcus	Streptococcus dysgalactiae subsp. equisimilis ATCC 12394, complete genome	XnGG|XnGGnG	Sdy	Streptococcus_dysgalactiae_subsp._equisimilis_AC-2713	NGGNG	2b476818e1648b6e158da808692b408c8a8d32f227ebeeb6f0f942f6ffff8f7b	different_strain	exclude from exact benchmark registration
CP015206.1	CAS-TypeIIA	Pediococcus	Pediococcus acidilactici strain ZPA017, complete genome	XnnnTA	Pac	Pediococcus acidilactici	NH(T>C>A)AAAA	e493d84aeb33c6d7bae26b831025a413e16697b05ce36c13eb5e4509a86911a0	species_only_match_needs_strain	resolve experimental strain; do not register
CP020774.1	CAS-TypeIIA	Listeria	Listeria monocytogenes strain H34 chromosome, complete genome	XnGG	Lmo	Listeria monocytogenes	N(B>A)GG	177a25b53450d688968dcfc1ac0c612caaa64c4725cab08df8aa2b974a24dff5	species_only_match_needs_strain	resolve experimental strain; do not register
CP035306.1	CAS-TypeIIC	Streptococcus	Streptococcus thermophilus strain IDCC2201 chromosome, complete genome	XnnACAA|XnnAGAAAnAA	Sth1A	Streptococcus_thermophilus_LMG_18311	NHGYRAA	f7263a92f476a88fcd2999f5f645c7eec121bad46093967f6ab83bcbf804dc8f	different_strain	exclude from exact benchmark registration
FR824043.1	CAS-TypeIIA	Streptococcus	Streptococcus gallolyticus subsp. gallolyticus ATCC BAA-2069 complete chromosome sequence, strain ATCC BAA-2069		Sga	Streptococcus_gallolyticus_subsp._gallolyticus_ATCC_43143	NGGD(A>T>G)H(T>M)	288587c9c8275c3c62c6384a1936c1970a5441a61cc8ee1e826eca4e2fd571f0	different_strain	exclude from exact benchmark registration
CM002369.1	CAS-TypeIIA	Streptococcus	Streptococcus thermophilus TH1435 chromosome, whole genome shotgun sequence	XTGGnG|XTGGnGGnnA|XnGGnG	Sth1A	Streptococcus_thermophilus_LMG_18311	NHGYRAA	f7263a92f476a88fcd2999f5f645c7eec121bad46093967f6ab83bcbf804dc8f	different_strain	exclude from exact benchmark registration
CM003135.1	CAS-TypeIIC	Streptococcus	Streptococcus thermophilus TH1477 chromosome, whole genome shotgun sequence	XnnGAAAA	Sth1A	Streptococcus_thermophilus_LMG_18311	NHGYRAA	f7263a92f476a88fcd2999f5f645c7eec121bad46093967f6ab83bcbf804dc8f	different_strain	exclude from exact benchmark registration
CP008903.1	CAS-TypeIIC	Geobacillus	Geobacillus sp. LC300, complete genome	XnnnnnnAA	Gsp	Geobacillus sp.	NNNNCDAANN	80ffb660ccd2a58e971a088795ca70888d80e16601bb5e898c073fe191133ae7	species_only_match_needs_strain	resolve experimental strain; do not register
LS483339.1	CAS-TypeIIA	Streptococcus	Streptococcus thermophilus strain NCTC12958 genome assembly, chromosome: 1	XTGGnG|XnGGT|XnGGnG	Sth1A	Streptococcus_thermophilus_LMG_18311	NHGYRAA	f7263a92f476a88fcd2999f5f645c7eec121bad46093967f6ab83bcbf804dc8f	different_strain	exclude from exact benchmark registration
CP002340.1	CAS-TypeIIA	Streptococcus	Streptococcus thermophilus ND03, complete genome	XTGGnG|XnGGnG	Sth1A	Streptococcus_thermophilus_LMG_18311	NHGYRAA	f7263a92f476a88fcd2999f5f645c7eec121bad46093967f6ab83bcbf804dc8f	different_strain	exclude from exact benchmark registration
CP003499.1	CAS-TypeIIA	Streptococcus	Streptococcus thermophilus MN-ZLW-002, complete genome	XnGGnG	Sth1A	Streptococcus_thermophilus_LMG_18311	NHGYRAA	f7263a92f476a88fcd2999f5f645c7eec121bad46093967f6ab83bcbf804dc8f	different_strain	exclude from exact benchmark registration
CP003686.1	CAS-TypeIIA	Streptococcus	Streptococcus mutans GS-5, complete genome	XnGG	Smu	Streptococcus_mutans_GS-5	NGGDT	015684f1a67bb02c3f759f99ab1822b2ef811b260bff2b93cfb8e43344000626	exact_strain_text_match_candidate	compare accession Cas9 translation to experimental protein SHA256
CP012588.1	CAS-TypeIIA	Streptococcus	Streptococcus thermophilus strain MN-BM-A01, complete genome	XnGGnG	Sth1A	Streptococcus_thermophilus_LMG_18311	NHGYRAA	f7263a92f476a88fcd2999f5f645c7eec121bad46093967f6ab83bcbf804dc8f	different_strain	exclude from exact benchmark registration
CP017025.1	CAS-TypeIIC	Campylobacter	Campylobacter coli strain 14983A, complete sequence		Cco	Campylobacter coli	NNNNCTA	ae316ea20416062f9f78001910ad3d3aabe72744a2b74e13992d2209e89a43ae	species_only_match_needs_strain	resolve experimental strain; do not register
CP019935.1	CAS-TypeIIA	Streptococcus	Streptococcus thermophilus strain APC151 chromosome, complete genome	XTGGnG|XnGGnG	Sth1A	Streptococcus_thermophilus_LMG_18311	NHGYRAA	f7263a92f476a88fcd2999f5f645c7eec121bad46093967f6ab83bcbf804dc8f	different_strain	exclude from exact benchmark registration
CP020831.1	CAS-TypeIIA	Listeria	Listeria monocytogenes strain PNUSAL000144 chromosome, complete genome	XnGGnAnnA	Lmo	Listeria monocytogenes	N(B>A)GG	177a25b53450d688968dcfc1ac0c612caaa64c4725cab08df8aa2b974a24dff5	species_only_match_needs_strain	resolve experimental strain; do not register
HE858529.1	CAS-TypeIIA	Streptococcus	Streptococcus dysgalactiae subsp. equisimilis AC-2713, complete genome	XnGGnG	Sdy	Streptococcus_dysgalactiae_subsp._equisimilis_AC-2713	NGGNG	2b476818e1648b6e158da808692b408c8a8d32f227ebeeb6f0f942f6ffff8f7b	exact_strain_text_match_candidate	compare accession Cas9 translation to experimental protein SHA256
LR134094.1	CAS-TypeIIA	Streptococcus	Streptococcus dysgalactiae subsp. dysgalactiae strain NCTC4669 genome assembly, chromosome: 1		Sdy	Streptococcus_dysgalactiae_subsp._equisimilis_AC-2713	NGGNG	2b476818e1648b6e158da808692b408c8a8d32f227ebeeb6f0f942f6ffff8f7b	different_strain	exclude from exact benchmark registration
AP010935.1	CAS-TypeIIA	Streptococcus	Streptococcus dysgalactiae subsp. equisimilis GGS_124 DNA, complete genome	XTnGnG	Sdy	Streptococcus_dysgalactiae_subsp._equisimilis_AC-2713	NGGNG	2b476818e1648b6e158da808692b408c8a8d32f227ebeeb6f0f942f6ffff8f7b	different_strain	exclude from exact benchmark registration
AP018935.1	CAS-TypeIIA	Streptococcus	Streptococcus agalactiae HU-GS5823 DNA, complete genome	XnGG	Sag1	Streptococcus agalactiae	NGG	1d6f13fa1c35fa75136d32ed3ab59c6abf20fbd68ef8d0096da4b52eead712f9	species_only_match_needs_strain	resolve experimental strain; do not register
AP018935.1	CAS-TypeIIA	Streptococcus	Streptococcus agalactiae HU-GS5823 DNA, complete genome	XnGG	Sag2	Streptococcus_agalactiae_NEM316	NGGD(A>K)W(T>A)	7b669277d9fb5380d4602fc7df95a677e1b00c01c5cd89ac5ee2c990d5624b1e	different_strain	exclude from exact benchmark registration
CP002001.1	CAS-TypeIIA	Listeria	Listeria monocytogenes J0161, complete genome	XnGG	Lmo	Listeria monocytogenes	N(B>A)GG	177a25b53450d688968dcfc1ac0c612caaa64c4725cab08df8aa2b974a24dff5	species_only_match_needs_strain	resolve experimental strain; do not register
CP010062.1	CAS-TypeIIA	Enterococcus	Enterococcus cecorum strain CE2 genome	XTnnnCA	Ece	Enterococcus cecorum	NNGH(W>C)AAA	afcaed43f644527577f1b5939d5183de1b1aacc4b75d97b60206b3e8d4a283b1	species_only_match_needs_strain	resolve experimental strain; do not register
CP016394.1	CAS-TypeIIC	Streptococcus	Streptococcus thermophilus strain ND07, complete genome	XnnAAAAA|XnnAGAAA	Sth1A	Streptococcus_thermophilus_LMG_18311	NHGYRAA	f7263a92f476a88fcd2999f5f645c7eec121bad46093967f6ab83bcbf804dc8f	different_strain	exclude from exact benchmark registration
CP016439.1	CAS-TypeIIC	Streptococcus	Streptococcus thermophilus strain CS8, complete genome	XnnAnAA	Sth1A	Streptococcus_thermophilus_LMG_18311	NHGYRAA	f7263a92f476a88fcd2999f5f645c7eec121bad46093967f6ab83bcbf804dc8f	different_strain	exclude from exact benchmark registration
CP017064.1	CAS-TypeIIC	Streptococcus	Streptococcus thermophilus strain ST3, complete genome	XnnAAAAA|XnnAGAAA	Sth1A	Streptococcus_thermophilus_LMG_18311	NHGYRAA	f7263a92f476a88fcd2999f5f645c7eec121bad46093967f6ab83bcbf804dc8f	different_strain	exclude from exact benchmark registration
CP017666.1	CAS-TypeIIA	Streptococcus	Streptococcus suis strain 0061 chromosome, complete genome	XnGGnG	Ssu	Streptococcus_suis_D9	NH(T>M)AAAAA	4279cd54d8f11ae08d642096991ddaaac3820bb4e53a733c659d9692dae395a3	different_strain	exclude from exact benchmark registration
CP017667.1	CAS-TypeIIA	Streptococcus	Streptococcus suis strain 1081 chromosome, complete genome	XnGGnG	Ssu	Streptococcus_suis_D9	NH(T>M)AAAAA	4279cd54d8f11ae08d642096991ddaaac3820bb4e53a733c659d9692dae395a3	different_strain	exclude from exact benchmark registration
CP019617.1	CAS-TypeIIA	Listeria	Listeria monocytogenes strain 10-092876-0055 LM4, complete genome	XnGG	Lmo	Listeria monocytogenes	N(B>A)GG	177a25b53450d688968dcfc1ac0c612caaa64c4725cab08df8aa2b974a24dff5	species_only_match_needs_strain	resolve experimental strain; do not register
LS483341.1	CAS-TypeIIA	Streptococcus	Streptococcus gordonii strain NCTC7865 genome assembly, chromosome: 1	XnGG	Sgo	Streptococcus_gordonii_str._Challis_substr._CH1	NNAAAG	a853688e03f32cb7d2d25914110ff0aa67f9d91c6338cb9b9b1ca288b6f84fb2	different_strain	exclude from exact benchmark registration
CP009557.1	CAS-TypeIIC	Clostridium	Clostridium perfringens strain FORC_003, complete genome	XnnnnnAGAA	Cpe	Clostridium perfringens	NNNNCVGAa	798dc78b0546314fcc30e41f750148d75e0971558496a951ba4971dbf407d681	species_only_match_needs_strain	resolve experimental strain; do not register
CP010059.1	CAS-TypeIIA	Enterococcus	Enterococcus cecorum strain CE1 genome	XTnnnCA	Ece	Enterococcus cecorum	NNGH(W>C)AAA	afcaed43f644527577f1b5939d5183de1b1aacc4b75d97b60206b3e8d4a283b1	species_only_match_needs_strain	resolve experimental strain; do not register
CP021769.1	CAS-TypeIIA	Streptococcus	Streptococcus agalactiae strain B509 chromosome, complete genome	XnTGG	Sag1	Streptococcus agalactiae	NGG	1d6f13fa1c35fa75136d32ed3ab59c6abf20fbd68ef8d0096da4b52eead712f9	species_only_match_needs_strain	resolve experimental strain; do not register
CP021769.1	CAS-TypeIIA	Streptococcus	Streptococcus agalactiae strain B509 chromosome, complete genome	XnTGG	Sag2	Streptococcus_agalactiae_NEM316	NGGD(A>K)W(T>A)	7b669277d9fb5380d4602fc7df95a677e1b00c01c5cd89ac5ee2c990d5624b1e	different_strain	exclude from exact benchmark registration
CP028183.1	CAS-TypeIIA	Listeria	Listeria monocytogenes strain CFSAN054109 chromosome, complete genome	XnGGTA|XnGGnA|XnGGnAnnA	Lmo	Listeria monocytogenes	N(B>A)GG	177a25b53450d688968dcfc1ac0c612caaa64c4725cab08df8aa2b974a24dff5	species_only_match_needs_strain	resolve experimental strain; do not register
FR774048.1	CAS-TypeIIC	Neisseria	Neisseria meningitidis WUE 2594 complete genome		Nme2	Neisseria meningitidis	NHDTCCA	73e5b4626f7c7b280f2f5abc15b510fcf633430f8efdb573fbe34cf3640ce706	species_only_match_needs_strain	resolve experimental strain; do not register
LR134512.1	CAS-TypeIIA	Streptococcus	Streptococcus agalactiae strain NCTC13949 genome assembly, chromosome: 1	XTGGnT|XnGG	Sag1	Streptococcus agalactiae	NGG	1d6f13fa1c35fa75136d32ed3ab59c6abf20fbd68ef8d0096da4b52eead712f9	species_only_match_needs_strain	resolve experimental strain; do not register
LR134512.1	CAS-TypeIIA	Streptococcus	Streptococcus agalactiae strain NCTC13949 genome assembly, chromosome: 1	XTGGnT|XnGG	Sag2	Streptococcus_agalactiae_NEM316	NGGD(A>K)W(T>A)	7b669277d9fb5380d4602fc7df95a677e1b00c01c5cd89ac5ee2c990d5624b1e	different_strain	exclude from exact benchmark registration
CM001469.1	CAS-TypeIIA	Listeria	Listeria monocytogenes FSL J1-208 chromosome, whole genome shotgun sequence	XnGG	Lmo	Listeria monocytogenes	N(B>A)GG	177a25b53450d688968dcfc1ac0c612caaa64c4725cab08df8aa2b974a24dff5	species_only_match_needs_strain	resolve experimental strain; do not register
CM003136.1	CAS-TypeIIA	Streptococcus	Streptococcus thermophilus TH982 chromosome, whole genome shotgun sequence	XnGGnG	Sth1A	Streptococcus_thermophilus_LMG_18311	NHGYRAA	f7263a92f476a88fcd2999f5f645c7eec121bad46093967f6ab83bcbf804dc8f	different_strain	exclude from exact benchmark registration
CP000024.1	CAS-TypeIIC	Streptococcus	Streptococcus thermophilus CNRZ1066, complete genome	XnnAnAAA	Sth1A	Streptococcus_thermophilus_LMG_18311	NHGYRAA	f7263a92f476a88fcd2999f5f645c7eec121bad46093967f6ab83bcbf804dc8f	different_strain	exclude from exact benchmark registration
CP007524.1	CAS-TypeIIC	Neisseria	Neisseria meningitidis strain 510612, complete genome		Nme2	Neisseria meningitidis	NHDTCCA	73e5b4626f7c7b280f2f5abc15b510fcf633430f8efdb573fbe34cf3640ce706	species_only_match_needs_strain	resolve experimental strain; do not register
CP013476.1	CAS-TypeIIC	Turicibacter	Turicibacter sp. H121, complete genome	XnnAAAC	Tsp	Turicibacter sp.	NNAAACN	be0f43868660313c56f6d44c2bad777df90f704267a001aa7a9571012819c909	species_only_match_needs_strain	resolve experimental strain; do not register
CP013722.1	CAS-TypeIIA	Listeria	Listeria monocytogenes strain Lm 3163, complete genome	XnGG	Lmo	Listeria monocytogenes	N(B>A)GG	177a25b53450d688968dcfc1ac0c612caaa64c4725cab08df8aa2b974a24dff5	species_only_match_needs_strain	resolve experimental strain; do not register
CP031328.1	CAS-TypeIIC	Neisseria	Neisseria meningitidis strain M18755 chromosome, complete genome		Nme2	Neisseria meningitidis	NHDTCCA	73e5b4626f7c7b280f2f5abc15b510fcf633430f8efdb573fbe34cf3640ce706	species_only_match_needs_strain	resolve experimental strain; do not register
CP031332.1	CAS-TypeIIC	Neisseria	Neisseria meningitidis strain M22814 chromosome, complete genome		Nme2	Neisseria meningitidis	NHDTCCA	73e5b4626f7c7b280f2f5abc15b510fcf633430f8efdb573fbe34cf3640ce706	species_only_match_needs_strain	resolve experimental strain; do not register
CP040504.1	CAS-TypeIIC	Neisseria	Neisseria sp. oral taxon 014 str. F0314 chromosome		Nsp	Neisseria sp.	N(C>D)NNTCCN	56a9c21ae99b3cd4652d15e135332b7a34a462d804351937d57c94d456e81529	species_only_match_needs_strain	resolve experimental strain; do not register
LR134520.1	CAS-TypeIIA	Streptococcus	Streptococcus agalactiae strain NCTC13947 genome assembly, chromosome: 1	XnGGA|XnGGnnnA	Sag1	Streptococcus agalactiae	NGG	1d6f13fa1c35fa75136d32ed3ab59c6abf20fbd68ef8d0096da4b52eead712f9	species_only_match_needs_strain	resolve experimental strain; do not register
LR134520.1	CAS-TypeIIA	Streptococcus	Streptococcus agalactiae strain NCTC13947 genome assembly, chromosome: 1	XnGGA|XnGGnnnA	Sag2	Streptococcus_agalactiae_NEM316	NGGD(A>K)W(T>A)	7b669277d9fb5380d4602fc7df95a677e1b00c01c5cd89ac5ee2c990d5624b1e	different_strain	exclude from exact benchmark registration
LS483393.1	CAS-TypeIIC	Clostridium	Clostridium perfringens strain NCTC13170 genome assembly, chromosome: 1	XnnnnnAnA	Cpe	Clostridium perfringens	NNNNCVGAa	798dc78b0546314fcc30e41f750148d75e0971558496a951ba4971dbf407d681	species_only_match_needs_strain	resolve experimental strain; do not register
CP006819.1	CAS-TypeIIC	Streptococcus	Streptococcus thermophilus ASCC 1275, complete genome	XnnAGAAA|XnnAGAAAnAA	Sth1A	Streptococcus_thermophilus_LMG_18311	NHGYRAA	f7263a92f476a88fcd2999f5f645c7eec121bad46093967f6ab83bcbf804dc8f	different_strain	exclude from exact benchmark registration
CP010999.1	CAS-TypeIIC	Streptococcus	Streptococcus thermophilus strain MN-BM-A02, complete genome	XnnAGAAA|XnnAGAAAnAA	Sth1A	Streptococcus_thermophilus_LMG_18311	NHGYRAA	f7263a92f476a88fcd2999f5f645c7eec121bad46093967f6ab83bcbf804dc8f	different_strain	exclude from exact benchmark registration
CP011329.1	CAS-TypeIIA	Streptococcus	Streptococcus agalactiae strain H002, complete genome	XnGG	Sag1	Streptococcus agalactiae	NGG	1d6f13fa1c35fa75136d32ed3ab59c6abf20fbd68ef8d0096da4b52eead712f9	species_only_match_needs_strain	resolve experimental strain; do not register
CP011329.1	CAS-TypeIIA	Streptococcus	Streptococcus agalactiae strain H002, complete genome	XnGG	Sag2	Streptococcus_agalactiae_NEM316	NGGD(A>K)W(T>A)	7b669277d9fb5380d4602fc7df95a677e1b00c01c5cd89ac5ee2c990d5624b1e	different_strain	exclude from exact benchmark registration
CP012392.1	CAS-TypeIIC	Neisseria	Neisseria meningitidis strain DE10444, complete genome		Nme2	Neisseria meningitidis	NHDTCCA	73e5b4626f7c7b280f2f5abc15b510fcf633430f8efdb573fbe34cf3640ce706	species_only_match_needs_strain	resolve experimental strain; do not register
CP015283.1	CAS-TypeIIC	Streptococcus	Streptococcus salivarius strain ATCC 25975, complete genome	XnnAAAGnnA	Ssa	Streptococcus_salivarius_JIM8777	NNAGAAA	2a24a5d691d595d29b86d0a9cf4af55d22933bcdfd63fb0c13b927eba5fe23ff	different_strain	exclude from exact benchmark registration
CP016026.1	CAS-TypeIIC	Streptococcus	Streptococcus thermophilus strain KLDS SM, complete genome	XnnAGAAA|XnnAGAAAnAA	Sth1A	Streptococcus_thermophilus_LMG_18311	NHGYRAA	f7263a92f476a88fcd2999f5f645c7eec121bad46093967f6ab83bcbf804dc8f	different_strain	exclude from exact benchmark registration
CP022547.1	CAS-TypeIIC	Streptococcus	Streptococcus thermophilus strain B59671 chromosome, complete genome	XnnAAAG	Sth1A	Streptococcus_thermophilus_LMG_18311	NHGYRAA	f7263a92f476a88fcd2999f5f645c7eec121bad46093967f6ab83bcbf804dc8f	different_strain	exclude from exact benchmark registration
CP025216.1	CAS-TypeIIC	Streptococcus	Streptococcus thermophilus strain DGCC 7710 chromosome, complete genome	XnnAGAAA|XnnAGAAAnAA	Sth1A	Streptococcus_thermophilus_LMG_18311	NHGYRAA	f7263a92f476a88fcd2999f5f645c7eec121bad46093967f6ab83bcbf804dc8f	different_strain	exclude from exact benchmark registration
FM999788.1	CAS-TypeIIC	Neisseria	Neisseria meningitidis 8013, complete genome		Nme2	Neisseria meningitidis	NHDTCCA	73e5b4626f7c7b280f2f5abc15b510fcf633430f8efdb573fbe34cf3640ce706	species_only_match_needs_strain	resolve experimental strain; do not register
FR733645.1	CAS-TypeIIA	Listeria	Listeria monocytogenes strain SLCC2540, serotype 3b	XnGG	Lmo	Listeria monocytogenes	N(B>A)GG	177a25b53450d688968dcfc1ac0c612caaa64c4725cab08df8aa2b974a24dff5	species_only_match_needs_strain	resolve experimental strain; do not register
LR134320.1	CAS-TypeIIA	Streptococcus	Streptococcus mutans strain NCTC10832 genome assembly, chromosome: 1	XTAAA	Smu	Streptococcus_mutans_GS-5	NGGDT	015684f1a67bb02c3f759f99ab1822b2ef811b260bff2b93cfb8e43344000626	different_strain	exclude from exact benchmark registration
LS483354.1	CAS-TypeIIA	Streptococcus	Streptococcus equi subsp. zooepidemicus strain NCTC11606 genome assembly, chromosome: 1	XnGG|XnGGnnnT	Seq2	Streptococcus equi	NGG	e150df01b4273c8ee83568d4dd9bd89de59e60519a8efa6ff1205509ac2d48b9	species_only_match_needs_strain	resolve experimental strain; do not register
CP007181.1	CAS-TypeIIC	Campylobacter	Campylobacter coli RM4661, complete genome	TnnTnnnnnnX	Cco	Campylobacter coli	NNNNCTA	ae316ea20416062f9f78001910ad3d3aabe72744a2b74e13992d2209e89a43ae	species_only_match_needs_strain	resolve experimental strain; do not register
CP016391.1	CAS-TypeIIA	Streptococcus	Streptococcus agalactiae strain FWL1402, complete genome	XnGG	Sag1	Streptococcus agalactiae	NGG	1d6f13fa1c35fa75136d32ed3ab59c6abf20fbd68ef8d0096da4b52eead712f9	species_only_match_needs_strain	resolve experimental strain; do not register
CP016391.1	CAS-TypeIIA	Streptococcus	Streptococcus agalactiae strain FWL1402, complete genome	XnGG	Sag2	Streptococcus_agalactiae_NEM316	NGGD(A>K)W(T>A)	7b669277d9fb5380d4602fc7df95a677e1b00c01c5cd89ac5ee2c990d5624b1e	different_strain	exclude from exact benchmark registration
CP017295.1	CAS-TypeIIC	Streptococcus	Streptococcus gordonii strain IE35, complete genome	XnnAAAGnT	Sgo	Streptococcus_gordonii_str._Challis_substr._CH1	NNAAAG	a853688e03f32cb7d2d25914110ff0aa67f9d91c6338cb9b9b1ca288b6f84fb2	different_strain	exclude from exact benchmark registration
CP020402.2	CAS-TypeIIC	Neisseria	Neisseria meningitidis strain FDAARGOS_215 chromosome, complete genome		Nme2	Neisseria meningitidis	NHDTCCA	73e5b4626f7c7b280f2f5abc15b510fcf633430f8efdb573fbe34cf3640ce706	species_only_match_needs_strain	resolve experimental strain; do not register
CP020422.2	CAS-TypeIIC	Neisseria	Neisseria meningitidis strain FDAARGOS_211 chromosome, complete genome		Nme2	Neisseria meningitidis	NHDTCCA	73e5b4626f7c7b280f2f5abc15b510fcf633430f8efdb573fbe34cf3640ce706	species_only_match_needs_strain	resolve experimental strain; do not register
CP020438.2	CAS-TypeIIC	Streptococcus	Streptococcus equinus strain FDAARGOS_251 chromosome, complete genome	XnnAGAAC	Seq1	Streptococcus equinus	N(T>C>R)AGAN(A>K>C)NN	d34a6c58a16d77606b88dd239eea737a48773914e72f5159c0a6352a352ba2cf	species_only_match_needs_strain	resolve experimental strain; do not register
CP031556.1	CAS-TypeIIA	Streptococcus	Streptococcus agalactiae strain Sag27 chromosome, complete genome	XnGG	Sag1	Streptococcus agalactiae	NGG	1d6f13fa1c35fa75136d32ed3ab59c6abf20fbd68ef8d0096da4b52eead712f9	species_only_match_needs_strain	resolve experimental strain; do not register
CP031556.1	CAS-TypeIIA	Streptococcus	Streptococcus agalactiae strain Sag27 chromosome, complete genome	XnGG	Sag2	Streptococcus_agalactiae_NEM316	NGGD(A>K)W(T>A)	7b669277d9fb5380d4602fc7df95a677e1b00c01c5cd89ac5ee2c990d5624b1e	different_strain	exclude from exact benchmark registration
LR134526.1	CAS-TypeIIC	Neisseria	Neisseria meningitidis strain NCTC10026 genome assembly, chromosome: 1		Nme2	Neisseria meningitidis	NHDTCCA	73e5b4626f7c7b280f2f5abc15b510fcf633430f8efdb573fbe34cf3640ce706	species_only_match_needs_strain	resolve experimental strain; do not register
AE009948.1	CAS-TypeIIA	Streptococcus	Streptococcus agalactiae 2603V/R, complete genome	XnGG	Sag1	Streptococcus agalactiae	NGG	1d6f13fa1c35fa75136d32ed3ab59c6abf20fbd68ef8d0096da4b52eead712f9	species_only_match_needs_strain	resolve experimental strain; do not register
AE009948.1	CAS-TypeIIA	Streptococcus	Streptococcus agalactiae 2603V/R, complete genome	XnGG	Sag2	Streptococcus_agalactiae_NEM316	NGGD(A>K)W(T>A)	7b669277d9fb5380d4602fc7df95a677e1b00c01c5cd89ac5ee2c990d5624b1e	different_strain	exclude from exact benchmark registration
CP001129.1	CAS-TypeIIA	Streptococcus	Streptococcus equi subsp. zooepidemicus MGCS10565, complete genome	XnGG	Seq2	Streptococcus equi	NGG	e150df01b4273c8ee83568d4dd9bd89de59e60519a8efa6ff1205509ac2d48b9	species_only_match_needs_strain	resolve experimental strain; do not register
CP008813.1	CAS-TypeIIA	Streptococcus	Streptococcus agalactiae strain C001, complete genome	XnGG	Sag1	Streptococcus agalactiae	NGG	1d6f13fa1c35fa75136d32ed3ab59c6abf20fbd68ef8d0096da4b52eead712f9	species_only_match_needs_strain	resolve experimental strain; do not register
CP008813.1	CAS-TypeIIA	Streptococcus	Streptococcus agalactiae strain C001, complete genome	XnGG	Sag2	Streptococcus_agalactiae_NEM316	NGGD(A>K)W(T>A)	7b669277d9fb5380d4602fc7df95a677e1b00c01c5cd89ac5ee2c990d5624b1e	different_strain	exclude from exact benchmark registration
CP011217.1	CAS-TypeIIA	Streptococcus	Streptococcus thermophilus strain SMQ-301, complete genome	XnGGnG	Sth1A	Streptococcus_thermophilus_LMG_18311	NHGYRAA	f7263a92f476a88fcd2999f5f645c7eec121bad46093967f6ab83bcbf804dc8f	different_strain	exclude from exact benchmark registration
CP012694.1	CAS-TypeIIC	Neisseria	Neisseria meningitidis strain 331401, complete genome		Nme2	Neisseria meningitidis	NHDTCCA	73e5b4626f7c7b280f2f5abc15b510fcf633430f8efdb573fbe34cf3640ce706	species_only_match_needs_strain	resolve experimental strain; do not register
CP013939.1	CAS-TypeIIC	Streptococcus	Streptococcus thermophilus strain S9, complete genome	XnnGTnAA	Sth1A	Streptococcus_thermophilus_LMG_18311	NHGYRAA	f7263a92f476a88fcd2999f5f645c7eec121bad46093967f6ab83bcbf804dc8f	different_strain	exclude from exact benchmark registration
CP015593.1	CAS-TypeIIA	Listeria	Listeria monocytogenes strain ICDC-LM188, complete genome	XnGG	Lmo	Listeria monocytogenes	N(B>A)GG	177a25b53450d688968dcfc1ac0c612caaa64c4725cab08df8aa2b974a24dff5	species_only_match_needs_strain	resolve experimental strain; do not register
CP016877.1	CAS-TypeIIC	Streptococcus	Streptococcus thermophilus strain KLDS 3.1003, complete genome	XnnAAAnA	Sth1A	Streptococcus_thermophilus_LMG_18311	NHGYRAA	f7263a92f476a88fcd2999f5f645c7eec121bad46093967f6ab83bcbf804dc8f	different_strain	exclude from exact benchmark registration
CP019615.1	CAS-TypeIIA	Listeria	Listeria monocytogenes strain 10-092876-0168, complete genome	XnGG	Lmo	Listeria monocytogenes	N(B>A)GG	177a25b53450d688968dcfc1ac0c612caaa64c4725cab08df8aa2b974a24dff5	species_only_match_needs_strain	resolve experimental strain; do not register
CP020833.1	CAS-TypeIIA	Listeria	Listeria monocytogenes strain CFSAN004330 chromosome, complete genome	XnGGTA|XnGGnAnnA	Lmo	Listeria monocytogenes	N(B>A)GG	177a25b53450d688968dcfc1ac0c612caaa64c4725cab08df8aa2b974a24dff5	species_only_match_needs_strain	resolve experimental strain; do not register
CP022754.1	CAS-TypeIIC	Parabacteroides	Parabacteroides sp. CT06 chromosome, complete genome	XnGTTTTT	Psp	Parabacteroides sp.	NR(A>G)TTTT	c2f7cb5b21e24dc0244c60c7e7daf4a097078b9437ede5dd05ba81b694a2bb2e	species_only_match_needs_strain	resolve experimental strain; do not register
CP025222.1	CAS-TypeIIA	Listeria	Listeria monocytogenes strain ATCC 51775 chromosome, complete genome	XTGG|XnGG	Lmo	Listeria monocytogenes	N(B>A)GG	177a25b53450d688968dcfc1ac0c612caaa64c4725cab08df8aa2b974a24dff5	species_only_match_needs_strain	resolve experimental strain; do not register
CP025399.1	CAS-TypeIIA	Streptococcus	Streptococcus thermophilus strain GABA chromosome, complete genome	XTGGnGGnnA	Sth1A	Streptococcus_thermophilus_LMG_18311	NHGYRAA	f7263a92f476a88fcd2999f5f645c7eec121bad46093967f6ab83bcbf804dc8f	different_strain	exclude from exact benchmark registration
CP035151.1	CAS-TypeIIA	Pediococcus	Pediococcus acidilactici strain SRCM103367 chromosome, complete genome	XnCAAA	Pac	Pediococcus acidilactici	NH(T>C>A)AAAA	e493d84aeb33c6d7bae26b831025a413e16697b05ce36c13eb5e4509a86911a0	species_only_match_needs_strain	resolve experimental strain; do not register
FN597254.1	CAS-TypeIIC	Streptococcus	Streptococcus gallolyticus UCN34 complete genome	XnnGnAAA	Sga	Streptococcus_gallolyticus_subsp._gallolyticus_ATCC_43143	NGGD(A>T>G)H(T>M)	288587c9c8275c3c62c6384a1936c1970a5441a61cc8ee1e826eca4e2fd571f0	different_strain	exclude from exact benchmark registration
HF952106.1	CAS-TypeIIA	Streptococcus	Streptococcus agalactiae ILRI112 complete genome	XnGG	Sag1	Streptococcus agalactiae	NGG	1d6f13fa1c35fa75136d32ed3ab59c6abf20fbd68ef8d0096da4b52eead712f9	species_only_match_needs_strain	resolve experimental strain; do not register
HF952106.1	CAS-TypeIIA	Streptococcus	Streptococcus agalactiae ILRI112 complete genome	XnGG	Sag2	Streptococcus_agalactiae_NEM316	NGGD(A>K)W(T>A)	7b669277d9fb5380d4602fc7df95a677e1b00c01c5cd89ac5ee2c990d5624b1e	different_strain	exclude from exact benchmark registration
LR134522.1	CAS-TypeIIC	Neisseria	Neisseria meningitidis strain NCTC3372 genome assembly, chromosome: 1		Nme2	Neisseria meningitidis	NHDTCCA	73e5b4626f7c7b280f2f5abc15b510fcf633430f8efdb573fbe34cf3640ce706	species_only_match_needs_strain	resolve experimental strain; do not register
LR594048.1	CAS-TypeIIA	Streptococcus	Streptococcus dysgalactiae subsp. equisimilis strain NCTC11556 genome assembly, chromosome: 1	XnGGnG	Sdy	Streptococcus_dysgalactiae_subsp._equisimilis_AC-2713	NGGNG	2b476818e1648b6e158da808692b408c8a8d32f227ebeeb6f0f942f6ffff8f7b	different_strain	exclude from exact benchmark registration
LS483342.1	CAS-TypeIIA	Streptococcus	Streptococcus agalactiae strain NCTC11930 genome assembly, chromosome: 1	XnGnnnA	Sag1	Streptococcus agalactiae	NGG	1d6f13fa1c35fa75136d32ed3ab59c6abf20fbd68ef8d0096da4b52eead712f9	species_only_match_needs_strain	resolve experimental strain; do not register
LS483342.1	CAS-TypeIIA	Streptococcus	Streptococcus agalactiae strain NCTC11930 genome assembly, chromosome: 1	XnGnnnA	Sag2	Streptococcus_agalactiae_NEM316	NGGD(A>K)W(T>A)	7b669277d9fb5380d4602fc7df95a677e1b00c01c5cd89ac5ee2c990d5624b1e	different_strain	exclude from exact benchmark registration
CP000114.1	CAS-TypeIIA	Streptococcus	Streptococcus agalactiae A909, complete genome	XnGG	Sag1	Streptococcus agalactiae	NGG	1d6f13fa1c35fa75136d32ed3ab59c6abf20fbd68ef8d0096da4b52eead712f9	species_only_match_needs_strain	resolve experimental strain; do not register
CP000114.1	CAS-TypeIIA	Streptococcus	Streptococcus agalactiae A909, complete genome	XnGG	Sag2	Streptococcus_agalactiae_NEM316	NGGD(A>K)W(T>A)	7b669277d9fb5380d4602fc7df95a677e1b00c01c5cd89ac5ee2c990d5624b1e	different_strain	exclude from exact benchmark registration
CP000419.1	CAS-TypeIIC	Streptococcus	Streptococcus thermophilus LMD-9, complete genome	XnnAAAA|XnnAAAAA	Sth1A	Streptococcus_thermophilus_LMG_18311	NHGYRAA	f7263a92f476a88fcd2999f5f645c7eec121bad46093967f6ab83bcbf804dc8f	different_strain	exclude from exact benchmark registration
CP006910.1	CAS-TypeIIA	Streptococcus	Streptococcus agalactiae CNCTC 10/84, complete genome		Sag1	Streptococcus agalactiae	NGG	1d6f13fa1c35fa75136d32ed3ab59c6abf20fbd68ef8d0096da4b52eead712f9	species_only_match_needs_strain	resolve experimental strain; do not register
CP006910.1	CAS-TypeIIA	Streptococcus	Streptococcus agalactiae CNCTC 10/84, complete genome		Sag2	Streptococcus_agalactiae_NEM316	NGGD(A>K)W(T>A)	7b669277d9fb5380d4602fc7df95a677e1b00c01c5cd89ac5ee2c990d5624b1e	different_strain	exclude from exact benchmark registration
CP011217.1	CAS-TypeIIC	Streptococcus	Streptococcus thermophilus strain SMQ-301, complete genome	XnnAAAAA	Sth1A	Streptococcus_thermophilus_LMG_18311	NHGYRAA	f7263a92f476a88fcd2999f5f645c7eec121bad46093967f6ab83bcbf804dc8f	different_strain	exclude from exact benchmark registration
CP016646.1	CAS-TypeIIC	Neisseria	Neisseria meningitidis strain M22819, complete genome		Nme2	Neisseria meningitidis	NHDTCCA	73e5b4626f7c7b280f2f5abc15b510fcf633430f8efdb573fbe34cf3640ce706	species_only_match_needs_strain	resolve experimental strain; do not register
CP016647.1	CAS-TypeIIC	Neisseria	Neisseria meningitidis strain M22809, complete genome		Nme2	Neisseria meningitidis	NHDTCCA	73e5b4626f7c7b280f2f5abc15b510fcf633430f8efdb573fbe34cf3640ce706	species_only_match_needs_strain	resolve experimental strain; do not register
CP016654.1	CAS-TypeIIC	Neisseria	Neisseria meningitidis strain M22811, complete genome		Nme2	Neisseria meningitidis	NHDTCCA	73e5b4626f7c7b280f2f5abc15b510fcf633430f8efdb573fbe34cf3640ce706	species_only_match_needs_strain	resolve experimental strain; do not register
CP016671.1	CAS-TypeIIC	Neisseria	Neisseria meningitidis strain M22783, complete genome		Nme2	Neisseria meningitidis	NHDTCCA	73e5b4626f7c7b280f2f5abc15b510fcf633430f8efdb573fbe34cf3640ce706	species_only_match_needs_strain	resolve experimental strain; do not register
CP016672.1	CAS-TypeIIC	Neisseria	Neisseria meningitidis strain M22828, complete genome		Nme2	Neisseria meningitidis	NHDTCCA	73e5b4626f7c7b280f2f5abc15b510fcf633430f8efdb573fbe34cf3640ce706	species_only_match_needs_strain	resolve experimental strain; do not register
CP016680.1	CAS-TypeIIC	Neisseria	Neisseria meningitidis strain M22822, complete genome		Nme2	Neisseria meningitidis	NHDTCCA	73e5b4626f7c7b280f2f5abc15b510fcf633430f8efdb573fbe34cf3640ce706	species_only_match_needs_strain	resolve experimental strain; do not register
CP016883.1	CAS-TypeIIC	Neisseria	Neisseria meningitidis strain M22790 genome		Nme2	Neisseria meningitidis	NHDTCCA	73e5b4626f7c7b280f2f5abc15b510fcf633430f8efdb573fbe34cf3640ce706	species_only_match_needs_strain	resolve experimental strain; do not register
CP021772.1	CAS-TypeIIA	Streptococcus	Streptococcus agalactiae strain B111 chromosome, complete genome	XnGG	Sag1	Streptococcus agalactiae	NGG	1d6f13fa1c35fa75136d32ed3ab59c6abf20fbd68ef8d0096da4b52eead712f9	species_only_match_needs_strain	resolve experimental strain; do not register
CP021772.1	CAS-TypeIIA	Streptococcus	Streptococcus agalactiae strain B111 chromosome, complete genome	XnGG	Sag2	Streptococcus_agalactiae_NEM316	NGGD(A>K)W(T>A)	7b669277d9fb5380d4602fc7df95a677e1b00c01c5cd89ac5ee2c990d5624b1e	different_strain	exclude from exact benchmark registration
CP021870.1	CAS-TypeIIA	Streptococcus	Streptococcus agalactiae strain SG-M4 chromosome, complete genome		Sag1	Streptococcus agalactiae	NGG	1d6f13fa1c35fa75136d32ed3ab59c6abf20fbd68ef8d0096da4b52eead712f9	species_only_match_needs_strain	resolve experimental strain; do not register
CP021870.1	CAS-TypeIIA	Streptococcus	Streptococcus agalactiae strain SG-M4 chromosome, complete genome		Sag2	Streptococcus_agalactiae_NEM316	NGGD(A>K)W(T>A)	7b669277d9fb5380d4602fc7df95a677e1b00c01c5cd89ac5ee2c990d5624b1e	different_strain	exclude from exact benchmark registration
CP025221.1	CAS-TypeIIA	Listeria	Listeria monocytogenes strain PIR00543 chromosome, complete genome	XTGG|XnGG	Lmo	Listeria monocytogenes	N(B>A)GG	177a25b53450d688968dcfc1ac0c612caaa64c4725cab08df8aa2b974a24dff5	species_only_match_needs_strain	resolve experimental strain; do not register
CP029175.1	CAS-TypeIIA	Listeria	Listeria monocytogenes strain NCCP 15743 chromosome, complete genome	XnGG	Lmo	Listeria monocytogenes	N(B>A)GG	177a25b53450d688968dcfc1ac0c612caaa64c4725cab08df8aa2b974a24dff5	species_only_match_needs_strain	resolve experimental strain; do not register
CP033438.1	CAS-TypeIIA	Pediococcus	Pediococcus acidilactici strain ATCC 8042 chromosome, complete genome		Pac	Pediococcus acidilactici	NH(T>C>A)AAAA	e493d84aeb33c6d7bae26b831025a413e16697b05ce36c13eb5e4509a86911a0	species_only_match_needs_strain	resolve experimental strain; do not register
LR134528.1	CAS-TypeIIC	Neisseria	Neisseria meningitidis strain NCTC12163 genome assembly, chromosome: 1		Nme2	Neisseria meningitidis	NHDTCCA	73e5b4626f7c7b280f2f5abc15b510fcf633430f8efdb573fbe34cf3640ce706	species_only_match_needs_strain	resolve experimental strain; do not register
LS483387.1	CAS-TypeIIA	Streptococcus	Streptococcus agalactiae strain NCTC8187 genome assembly, chromosome: 1		Sag1	Streptococcus agalactiae	NGG	1d6f13fa1c35fa75136d32ed3ab59c6abf20fbd68ef8d0096da4b52eead712f9	species_only_match_needs_strain	resolve experimental strain; do not register
LS483387.1	CAS-TypeIIA	Streptococcus	Streptococcus agalactiae strain NCTC8187 genome assembly, chromosome: 1		Sag2	Streptococcus_agalactiae_NEM316	NGGD(A>K)W(T>A)	7b669277d9fb5380d4602fc7df95a677e1b00c01c5cd89ac5ee2c990d5624b1e	different_strain	exclude from exact benchmark registration
LS483413.1	CAS-TypeIIA	Streptococcus	Streptococcus dysgalactiae subsp. equisimilis strain NCTC7136 genome assembly, chromosome: 1	XnGG	Sdy	Streptococcus_dysgalactiae_subsp._equisimilis_AC-2713	NGGNG	2b476818e1648b6e158da808692b408c8a8d32f227ebeeb6f0f942f6ffff8f7b	different_strain	exclude from exact benchmark registration
AP011548.1	CAS-TypeIIA	Lactobacillus	Lactobacillus rhamnosus ATCC 53103 DNA, complete genome		Lrh	Lactobacillus_rhamnosus_LOCK900	N(T>V)NTAAW(A>T)	28965cf1d70e9f51a8957e700602259d2406667b88eeac32207a4d09cda8547c	different_strain	exclude from exact benchmark registration
CP006593.1	CAS-TypeIIA	Listeria	Listeria monocytogenes strain J2-031, complete genome		Lmo	Listeria monocytogenes	N(B>A)GG	177a25b53450d688968dcfc1ac0c612caaa64c4725cab08df8aa2b974a24dff5	species_only_match_needs_strain	resolve experimental strain; do not register
CP010874.1	CAS-TypeIIA	Streptococcus	Streptococcus agalactiae strain CU_GBS_08 chromosome, complete genome	XnGG	Sag1	Streptococcus agalactiae	NGG	1d6f13fa1c35fa75136d32ed3ab59c6abf20fbd68ef8d0096da4b52eead712f9	species_only_match_needs_strain	resolve experimental strain; do not register
CP010874.1	CAS-TypeIIA	Streptococcus	Streptococcus agalactiae strain CU_GBS_08 chromosome, complete genome	XnGG	Sag2	Streptococcus_agalactiae_NEM316	NGGD(A>K)W(T>A)	7b669277d9fb5380d4602fc7df95a677e1b00c01c5cd89ac5ee2c990d5624b1e	different_strain	exclude from exact benchmark registration
CP018900.1	CAS-TypeIIC	Campylobacter	Campylobacter coli strain YH502 chromosome, complete genome		Cco	Campylobacter coli	NNNNCTA	ae316ea20416062f9f78001910ad3d3aabe72744a2b74e13992d2209e89a43ae	species_only_match_needs_strain	resolve experimental strain; do not register
CP019978.1	CAS-TypeIIA	Streptococcus	Streptococcus agalactiae strain Sag37 chromosome, complete genome		Sag1	Streptococcus agalactiae	NGG	1d6f13fa1c35fa75136d32ed3ab59c6abf20fbd68ef8d0096da4b52eead712f9	species_only_match_needs_strain	resolve experimental strain; do not register
CP019978.1	CAS-TypeIIA	Streptococcus	Streptococcus agalactiae strain Sag37 chromosome, complete genome		Sag2	Streptococcus_agalactiae_NEM316	NGGD(A>K)W(T>A)	7b669277d9fb5380d4602fc7df95a677e1b00c01c5cd89ac5ee2c990d5624b1e	different_strain	exclude from exact benchmark registration
CP020401.2	CAS-TypeIIC	Neisseria	Neisseria meningitidis strain FDAARGOS_214 chromosome, complete genome		Nme2	Neisseria meningitidis	NHDTCCA	73e5b4626f7c7b280f2f5abc15b510fcf633430f8efdb573fbe34cf3640ce706	species_only_match_needs_strain	resolve experimental strain; do not register
CP021867.1	CAS-TypeIIA	Streptococcus	Streptococcus agalactiae strain SG-M25 chromosome, complete genome	XnGG	Sag1	Streptococcus agalactiae	NGG	1d6f13fa1c35fa75136d32ed3ab59c6abf20fbd68ef8d0096da4b52eead712f9	species_only_match_needs_strain	resolve experimental strain; do not register
CP021867.1	CAS-TypeIIA	Streptococcus	Streptococcus agalactiae strain SG-M25 chromosome, complete genome	XnGG	Sag2	Streptococcus_agalactiae_NEM316	NGGD(A>K)W(T>A)	7b669277d9fb5380d4602fc7df95a677e1b00c01c5cd89ac5ee2c990d5624b1e	different_strain	exclude from exact benchmark registration
CP021868.1	CAS-TypeIIA	Streptococcus	Streptococcus agalactiae strain SG-M8 chromosome, complete genome	XnGG	Sag1	Streptococcus agalactiae	NGG	1d6f13fa1c35fa75136d32ed3ab59c6abf20fbd68ef8d0096da4b52eead712f9	species_only_match_needs_strain	resolve experimental strain; do not register
CP021868.1	CAS-TypeIIA	Streptococcus	Streptococcus agalactiae strain SG-M8 chromosome, complete genome	XnGG	Sag2	Streptococcus_agalactiae_NEM316	NGGD(A>K)W(T>A)	7b669277d9fb5380d4602fc7df95a677e1b00c01c5cd89ac5ee2c990d5624b1e	different_strain	exclude from exact benchmark registration
CP035154.1	CAS-TypeIIA	Pediococcus	Pediococcus acidilactici strain SRCM103387 chromosome, complete genome	XnnnTA	Pac	Pediococcus acidilactici	NH(T>C>A)AAAA	e493d84aeb33c6d7bae26b831025a413e16697b05ce36c13eb5e4509a86911a0	species_only_match_needs_strain	resolve experimental strain; do not register
FM179322.1	CAS-TypeIIA	Lactobacillus	Lactobacillus rhamnosus GG whole genome sequence, strain GG (ATCC 53103)		Lrh	Lactobacillus_rhamnosus_LOCK900	N(T>V)NTAAW(A>T)	28965cf1d70e9f51a8957e700602259d2406667b88eeac32207a4d09cda8547c	different_strain	exclude from exact benchmark registration
AL732656.1	CAS-TypeIIA	Streptococcus	Streptococcus agalactiae NEM316 complete genome		Sag1	Streptococcus agalactiae	NGG	1d6f13fa1c35fa75136d32ed3ab59c6abf20fbd68ef8d0096da4b52eead712f9	species_only_match_needs_strain	resolve experimental strain; do not register
AL732656.1	CAS-TypeIIA	Streptococcus	Streptococcus agalactiae NEM316 complete genome		Sag2	Streptococcus_agalactiae_NEM316	NGGD(A>K)W(T>A)	7b669277d9fb5380d4602fc7df95a677e1b00c01c5cd89ac5ee2c990d5624b1e	exact_strain_text_match_candidate	compare accession Cas9 translation to experimental protein SHA256
CP006804.1	CAS-TypeIIA	Lactobacillus	Lactobacillus rhamnosus DSM 14870, complete genome	XnGAAA	Lrh	Lactobacillus_rhamnosus_LOCK900	N(T>V)NTAAW(A>T)	28965cf1d70e9f51a8957e700602259d2406667b88eeac32207a4d09cda8547c	different_strain	exclude from exact benchmark registration
CP007199.1	CAS-TypeIIA	Listeria	Listeria monocytogenes serotype 1/2a str. 10-0933, complete genome	XnGG	Lmo	Listeria monocytogenes	N(B>A)GG	177a25b53450d688968dcfc1ac0c612caaa64c4725cab08df8aa2b974a24dff5	species_only_match_needs_strain	resolve experimental strain; do not register
CP007200.1	CAS-TypeIIA	Listeria	Listeria monocytogenes serotype 1/2a str. 10-0934, complete genome	XnGG	Lmo	Listeria monocytogenes	N(B>A)GG	177a25b53450d688968dcfc1ac0c612caaa64c4725cab08df8aa2b974a24dff5	species_only_match_needs_strain	resolve experimental strain; do not register
CP010875.1	CAS-TypeIIA	Streptococcus	Streptococcus agalactiae strain CU_GBS_98, complete genome	XnGG	Sag1	Streptococcus agalactiae	NGG	1d6f13fa1c35fa75136d32ed3ab59c6abf20fbd68ef8d0096da4b52eead712f9	species_only_match_needs_strain	resolve experimental strain; do not register
CP010875.1	CAS-TypeIIA	Streptococcus	Streptococcus agalactiae strain CU_GBS_98, complete genome	XnGG	Sag2	Streptococcus_agalactiae_NEM316	NGGD(A>K)W(T>A)	7b669277d9fb5380d4602fc7df95a677e1b00c01c5cd89ac5ee2c990d5624b1e	different_strain	exclude from exact benchmark registration
CP012419.2	CAS-TypeIIA	Streptococcus	Streptococcus agalactiae strain SG-M1, complete genome	XnGG	Sag1	Streptococcus agalactiae	NGG	1d6f13fa1c35fa75136d32ed3ab59c6abf20fbd68ef8d0096da4b52eead712f9	species_only_match_needs_strain	resolve experimental strain; do not register
CP012419.2	CAS-TypeIIA	Streptococcus	Streptococcus agalactiae strain SG-M1, complete genome	XnGG	Sag2	Streptococcus_agalactiae_NEM316	NGGD(A>K)W(T>A)	7b669277d9fb5380d4602fc7df95a677e1b00c01c5cd89ac5ee2c990d5624b1e	different_strain	exclude from exact benchmark registration
CP016877.1	CAS-TypeIIA	Streptococcus	Streptococcus thermophilus strain KLDS 3.1003, complete genome		Sth1A	Streptococcus_thermophilus_LMG_18311	NHGYRAA	f7263a92f476a88fcd2999f5f645c7eec121bad46093967f6ab83bcbf804dc8f	different_strain	exclude from exact benchmark registration
CP018763.1	CAS-TypeIIA	Pediococcus	Pediococcus acidilactici strain BCC1 chromosome, complete genome		Pac	Pediococcus acidilactici	NH(T>C>A)AAAA	e493d84aeb33c6d7bae26b831025a413e16697b05ce36c13eb5e4509a86911a0	species_only_match_needs_strain	resolve experimental strain; do not register
CP020832.1	CAS-TypeIIA	Listeria	Listeria monocytogenes strain PNUSAL000096 chromosome, complete genome		Lmo	Listeria monocytogenes	N(B>A)GG	177a25b53450d688968dcfc1ac0c612caaa64c4725cab08df8aa2b974a24dff5	species_only_match_needs_strain	resolve experimental strain; do not register
CP021863.1	CAS-TypeIIA	Streptococcus	Streptococcus agalactiae strain SG-M163 chromosome, complete genome	XnGG	Sag1	Streptococcus agalactiae	NGG	1d6f13fa1c35fa75136d32ed3ab59c6abf20fbd68ef8d0096da4b52eead712f9	species_only_match_needs_strain	resolve experimental strain; do not register
CP021863.1	CAS-TypeIIA	Streptococcus	Streptococcus agalactiae strain SG-M163 chromosome, complete genome	XnGG	Sag2	Streptococcus_agalactiae_NEM316	NGGD(A>K)W(T>A)	7b669277d9fb5380d4602fc7df95a677e1b00c01c5cd89ac5ee2c990d5624b1e	different_strain	exclude from exact benchmark registration
CP021864.1	CAS-TypeIIA	Streptococcus	Streptococcus agalactiae strain SG-M158 chromosome, complete genome	XnGG	Sag1	Streptococcus agalactiae	NGG	1d6f13fa1c35fa75136d32ed3ab59c6abf20fbd68ef8d0096da4b52eead712f9	species_only_match_needs_strain	resolve experimental strain; do not register
CP021864.1	CAS-TypeIIA	Streptococcus	Streptococcus agalactiae strain SG-M158 chromosome, complete genome	XnGG	Sag2	Streptococcus_agalactiae_NEM316	NGGD(A>K)W(T>A)	7b669277d9fb5380d4602fc7df95a677e1b00c01c5cd89ac5ee2c990d5624b1e	different_strain	exclude from exact benchmark registration
CP021865.1	CAS-TypeIIA	Streptococcus	Streptococcus agalactiae strain SG-M50 chromosome, complete genome	XnGG	Sag1	Streptococcus agalactiae	NGG	1d6f13fa1c35fa75136d32ed3ab59c6abf20fbd68ef8d0096da4b52eead712f9	species_only_match_needs_strain	resolve experimental strain; do not register
CP021865.1	CAS-TypeIIA	Streptococcus	Streptococcus agalactiae strain SG-M50 chromosome, complete genome	XnGG	Sag2	Streptococcus_agalactiae_NEM316	NGGD(A>K)W(T>A)	7b669277d9fb5380d4602fc7df95a677e1b00c01c5cd89ac5ee2c990d5624b1e	different_strain	exclude from exact benchmark registration
CP021866.1	CAS-TypeIIA	Streptococcus	Streptococcus agalactiae strain SG-M29 chromosome, complete genome	XnGG	Sag1	Streptococcus agalactiae	NGG	1d6f13fa1c35fa75136d32ed3ab59c6abf20fbd68ef8d0096da4b52eead712f9	species_only_match_needs_strain	resolve experimental strain; do not register
CP021866.1	CAS-TypeIIA	Streptococcus	Streptococcus agalactiae strain SG-M29 chromosome, complete genome	XnGG	Sag2	Streptococcus_agalactiae_NEM316	NGGD(A>K)W(T>A)	7b669277d9fb5380d4602fc7df95a677e1b00c01c5cd89ac5ee2c990d5624b1e	different_strain	exclude from exact benchmark registration
CP021869.1	CAS-TypeIIA	Streptococcus	Streptococcus agalactiae strain SG-M6 chromosome, complete genome		Sag1	Streptococcus agalactiae	NGG	1d6f13fa1c35fa75136d32ed3ab59c6abf20fbd68ef8d0096da4b52eead712f9	species_only_match_needs_strain	resolve experimental strain; do not register
CP021869.1	CAS-TypeIIA	Streptococcus	Streptococcus agalactiae strain SG-M6 chromosome, complete genome		Sag2	Streptococcus_agalactiae_NEM316	NGGD(A>K)W(T>A)	7b669277d9fb5380d4602fc7df95a677e1b00c01c5cd89ac5ee2c990d5624b1e	different_strain	exclude from exact benchmark registration
CP025027.1	CAS-TypeIIA	Streptococcus	Streptococcus agalactiae strain SGEHI2015-107 chromosome, complete genome	XnGG	Sag1	Streptococcus agalactiae	NGG	1d6f13fa1c35fa75136d32ed3ab59c6abf20fbd68ef8d0096da4b52eead712f9	species_only_match_needs_strain	resolve experimental strain; do not register
CP025027.1	CAS-TypeIIA	Streptococcus	Streptococcus agalactiae strain SGEHI2015-107 chromosome, complete genome	XnGG	Sag2	Streptococcus_agalactiae_NEM316	NGGD(A>K)W(T>A)	7b669277d9fb5380d4602fc7df95a677e1b00c01c5cd89ac5ee2c990d5624b1e	different_strain	exclude from exact benchmark registration
CP025028.1	CAS-TypeIIA	Streptococcus	Streptococcus agalactiae strain SGEHI2015-95 chromosome, complete genome	XnGG	Sag1	Streptococcus agalactiae	NGG	1d6f13fa1c35fa75136d32ed3ab59c6abf20fbd68ef8d0096da4b52eead712f9	species_only_match_needs_strain	resolve experimental strain; do not register
CP025028.1	CAS-TypeIIA	Streptococcus	Streptococcus agalactiae strain SGEHI2015-95 chromosome, complete genome	XnGG	Sag2	Streptococcus_agalactiae_NEM316	NGGD(A>K)W(T>A)	7b669277d9fb5380d4602fc7df95a677e1b00c01c5cd89ac5ee2c990d5624b1e	different_strain	exclude from exact benchmark registration
FN597254.1	CAS-TypeIIA	Streptococcus	Streptococcus gallolyticus UCN34 complete genome		Sga	Streptococcus_gallolyticus_subsp._gallolyticus_ATCC_43143	NGGD(A>T>G)H(T>M)	288587c9c8275c3c62c6384a1936c1970a5441a61cc8ee1e826eca4e2fd571f0	different_strain	exclude from exact benchmark registration
LR594045.1	CAS-TypeIIA	Streptococcus	Streptococcus dysgalactiae subsp. equisimilis strain NCTC9413 genome assembly, chromosome: 1		Sdy	Streptococcus_dysgalactiae_subsp._equisimilis_AC-2713	NGGNG	2b476818e1648b6e158da808692b408c8a8d32f227ebeeb6f0f942f6ffff8f7b	different_strain	exclude from exact benchmark registration
LT635479.1	CAS-TypeIIA	Lachnoclostridium	Eubacterium sp. Marseille-P3177 strain Marseille-P3177T genome assembly, chromosome: contig00001		Esp2	Eubacterium sp.	NV(A>G>C)R(A>G)ACCN	adf35b6834d1c75403ede1fe45670b869a8ce25a796929df53333f668adc937b	species_only_match_needs_strain	resolve experimental strain; do not register
CP000419.1	CAS-TypeIIA	Streptococcus	Streptococcus thermophilus LMD-9, complete genome	XnGGnG	Sth1A	Streptococcus_thermophilus_LMG_18311	NHGYRAA	f7263a92f476a88fcd2999f5f645c7eec121bad46093967f6ab83bcbf804dc8f	different_strain	exclude from exact benchmark registration
CP002455.1	CAS-TypeIIC	Weeksella	Weeksella virosa DSM 16922, complete genome		Wvi	Weeksella virosa	HHAAATD	962137bd7591834df80b86e259271fb3f942505ebaaf26c3ec7985fec92d369e	species_only_match_needs_strain	resolve experimental strain; do not register
CP008921.1	CAS-TypeIIA	Streptococcus	Streptococcus suis 6407, complete genome		Ssu	Streptococcus_suis_D9	NH(T>M)AAAAA	4279cd54d8f11ae08d642096991ddaaac3820bb4e53a733c659d9692dae395a3	different_strain	exclude from exact benchmark registration
CP016394.1	CAS-TypeIIA	Streptococcus	Streptococcus thermophilus strain ND07, complete genome		Sth1A	Streptococcus_thermophilus_LMG_18311	NHGYRAA	f7263a92f476a88fcd2999f5f645c7eec121bad46093967f6ab83bcbf804dc8f	different_strain	exclude from exact benchmark registration
CP017871.1	CAS-TypeIIC	Campylobacter	Campylobacter coli strain BP3183 chromosome, complete genome		Cco	Campylobacter coli	NNNNCTA	ae316ea20416062f9f78001910ad3d3aabe72744a2b74e13992d2209e89a43ae	species_only_match_needs_strain	resolve experimental strain; do not register
CP021862.1	CAS-TypeIIA	Streptococcus	Streptococcus agalactiae strain CUGBS591 chromosome, complete genome		Sag1	Streptococcus agalactiae	NGG	1d6f13fa1c35fa75136d32ed3ab59c6abf20fbd68ef8d0096da4b52eead712f9	species_only_match_needs_strain	resolve experimental strain; do not register
CP021862.1	CAS-TypeIIA	Streptococcus	Streptococcus agalactiae strain CUGBS591 chromosome, complete genome		Sag2	Streptococcus_agalactiae_NEM316	NGGD(A>K)W(T>A)	7b669277d9fb5380d4602fc7df95a677e1b00c01c5cd89ac5ee2c990d5624b1e	different_strain	exclude from exact benchmark registration
CP025029.1	CAS-TypeIIA	Streptococcus	Streptococcus agalactiae strain SGEHI2015-25 chromosome, complete genome	XnGG	Sag1	Streptococcus agalactiae	NGG	1d6f13fa1c35fa75136d32ed3ab59c6abf20fbd68ef8d0096da4b52eead712f9	species_only_match_needs_strain	resolve experimental strain; do not register
CP025029.1	CAS-TypeIIA	Streptococcus	Streptococcus agalactiae strain SGEHI2015-25 chromosome, complete genome	XnGG	Sag2	Streptococcus_agalactiae_NEM316	NGGD(A>K)W(T>A)	7b669277d9fb5380d4602fc7df95a677e1b00c01c5cd89ac5ee2c990d5624b1e	different_strain	exclude from exact benchmark registration
LT714196.1	CAS-TypeIIA	Streptococcus	Streptococcus agalactiae isolate BM110 genome assembly, chromosome: I		Sag1	Streptococcus agalactiae	NGG	1d6f13fa1c35fa75136d32ed3ab59c6abf20fbd68ef8d0096da4b52eead712f9	species_only_match_needs_strain	resolve experimental strain; do not register
LT714196.1	CAS-TypeIIA	Streptococcus	Streptococcus agalactiae isolate BM110 genome assembly, chromosome: I		Sag2	Streptococcus_agalactiae_NEM316	NGGD(A>K)W(T>A)	7b669277d9fb5380d4602fc7df95a677e1b00c01c5cd89ac5ee2c990d5624b1e	different_strain	exclude from exact benchmark registration
AL157959.1	CAS-TypeIIC	Neisseria	Neisseria meningitidis serogroup A strain Z2491 complete genome		Nme2	Neisseria meningitidis	NHDTCCA	73e5b4626f7c7b280f2f5abc15b510fcf633430f8efdb573fbe34cf3640ce706	species_only_match_needs_strain	resolve experimental strain; do not register
AP011114.1	CAS-TypeIIA	Streptococcus	Streptococcus dysgalactiae subsp. equisimilis RE378 DNA, complete genome		Sdy	Streptococcus_dysgalactiae_subsp._equisimilis_AC-2713	NGGNG	2b476818e1648b6e158da808692b408c8a8d32f227ebeeb6f0f942f6ffff8f7b	different_strain	exclude from exact benchmark registration
CM003139.1	CAS-TypeIIC	Streptococcus	Streptococcus thermophilus TH985 chromosome, whole genome shotgun sequence		Sth1A	Streptococcus_thermophilus_LMG_18311	NHGYRAA	f7263a92f476a88fcd2999f5f645c7eec121bad46093967f6ab83bcbf804dc8f	different_strain	exclude from exact benchmark registration
CP002633.1	CAS-TypeIIC	Streptococcus	Streptococcus suis ST3, complete genome		Ssu	Streptococcus_suis_D9	NH(T>M)AAAAA	4279cd54d8f11ae08d642096991ddaaac3820bb4e53a733c659d9692dae395a3	different_strain	exclude from exact benchmark registration
CP003810.1	CAS-TypeIIA	Streptococcus	Streptococcus agalactiae GD201008-001, complete genome	XnGG	Sag1	Streptococcus agalactiae	NGG	1d6f13fa1c35fa75136d32ed3ab59c6abf20fbd68ef8d0096da4b52eead712f9	species_only_match_needs_strain	resolve experimental strain; do not register
CP003810.1	CAS-TypeIIA	Streptococcus	Streptococcus agalactiae GD201008-001, complete genome	XnGG	Sag2	Streptococcus_agalactiae_NEM316	NGGD(A>K)W(T>A)	7b669277d9fb5380d4602fc7df95a677e1b00c01c5cd89ac5ee2c990d5624b1e	different_strain	exclude from exact benchmark registration
CP010319.1	CAS-TypeIIA	Streptococcus	Streptococcus agalactiae strain GBS85147, complete genome	XnGG	Sag1	Streptococcus agalactiae	NGG	1d6f13fa1c35fa75136d32ed3ab59c6abf20fbd68ef8d0096da4b52eead712f9	species_only_match_needs_strain	resolve experimental strain; do not register
CP010319.1	CAS-TypeIIA	Streptococcus	Streptococcus agalactiae strain GBS85147, complete genome	XnGG	Sag2	Streptococcus_agalactiae_NEM316	NGGD(A>K)W(T>A)	7b669277d9fb5380d4602fc7df95a677e1b00c01c5cd89ac5ee2c990d5624b1e	different_strain	exclude from exact benchmark registration
CP011325.1	CAS-TypeIIA	Streptococcus	Streptococcus agalactiae strain HN016, complete genome	XnGG	Sag1	Streptococcus agalactiae	NGG	1d6f13fa1c35fa75136d32ed3ab59c6abf20fbd68ef8d0096da4b52eead712f9	species_only_match_needs_strain	resolve experimental strain; do not register
CP011325.1	CAS-TypeIIA	Streptococcus	Streptococcus agalactiae strain HN016, complete genome	XnGG	Sag2	Streptococcus_agalactiae_NEM316	NGGD(A>K)W(T>A)	7b669277d9fb5380d4602fc7df95a677e1b00c01c5cd89ac5ee2c990d5624b1e	different_strain	exclude from exact benchmark registration
CP011326.1	CAS-TypeIIA	Streptococcus	Streptococcus agalactiae strain YM001 genome	XnGG	Sag1	Streptococcus agalactiae	NGG	1d6f13fa1c35fa75136d32ed3ab59c6abf20fbd68ef8d0096da4b52eead712f9	species_only_match_needs_strain	resolve experimental strain; do not register
CP011326.1	CAS-TypeIIA	Streptococcus	Streptococcus agalactiae strain YM001 genome	XnGG	Sag2	Streptococcus_agalactiae_NEM316	NGGD(A>K)W(T>A)	7b669277d9fb5380d4602fc7df95a677e1b00c01c5cd89ac5ee2c990d5624b1e	different_strain	exclude from exact benchmark registration
CP011327.1	CAS-TypeIIA	Streptococcus	Streptococcus agalactiae strain GX064 genome	XnGG	Sag1	Streptococcus agalactiae	NGG	1d6f13fa1c35fa75136d32ed3ab59c6abf20fbd68ef8d0096da4b52eead712f9	species_only_match_needs_strain	resolve experimental strain; do not register
CP011327.1	CAS-TypeIIA	Streptococcus	Streptococcus agalactiae strain GX064 genome	XnGG	Sag2	Streptococcus_agalactiae_NEM316	NGGD(A>K)W(T>A)	7b669277d9fb5380d4602fc7df95a677e1b00c01c5cd89ac5ee2c990d5624b1e	different_strain	exclude from exact benchmark registration
CP012480.1	CAS-TypeIIA	Streptococcus	Streptococcus agalactiae strain NGBS128, complete genome		Sag1	Streptococcus agalactiae	NGG	1d6f13fa1c35fa75136d32ed3ab59c6abf20fbd68ef8d0096da4b52eead712f9	species_only_match_needs_strain	resolve experimental strain; do not register
CP012480.1	CAS-TypeIIA	Streptococcus	Streptococcus agalactiae strain NGBS128, complete genome		Sag2	Streptococcus_agalactiae_NEM316	NGGD(A>K)W(T>A)	7b669277d9fb5380d4602fc7df95a677e1b00c01c5cd89ac5ee2c990d5624b1e	different_strain	exclude from exact benchmark registration
CP016660.1	CAS-TypeIIC	Neisseria	Neisseria meningitidis strain M22804, complete genome		Nme2	Neisseria meningitidis	NHDTCCA	73e5b4626f7c7b280f2f5abc15b510fcf633430f8efdb573fbe34cf3640ce706	species_only_match_needs_strain	resolve experimental strain; do not register
CP016682.1	CAS-TypeIIC	Neisseria	Neisseria meningitidis strain M24705, complete genome		Nme2	Neisseria meningitidis	NHDTCCA	73e5b4626f7c7b280f2f5abc15b510fcf633430f8efdb573fbe34cf3640ce706	species_only_match_needs_strain	resolve experimental strain; do not register
CP017875.1	CAS-TypeIIC	Campylobacter	Campylobacter coli strain ZV1224 chromosome, complete genome		Cco	Campylobacter coli	NNNNCTA	ae316ea20416062f9f78001910ad3d3aabe72744a2b74e13992d2209e89a43ae	species_only_match_needs_strain	resolve experimental strain; do not register
CP020420.2	CAS-TypeIIC	Neisseria	Neisseria meningitidis strain FDAARGOS_209 chromosome, complete genome		Nme2	Neisseria meningitidis	NHDTCCA	73e5b4626f7c7b280f2f5abc15b510fcf633430f8efdb573fbe34cf3640ce706	species_only_match_needs_strain	resolve experimental strain; do not register
CP025026.1	CAS-TypeIIA	Streptococcus	Streptococcus agalactiae strain SGEHI2015-113 chromosome, complete genome	XnGG	Sag1	Streptococcus agalactiae	NGG	1d6f13fa1c35fa75136d32ed3ab59c6abf20fbd68ef8d0096da4b52eead712f9	species_only_match_needs_strain	resolve experimental strain; do not register
CP025026.1	CAS-TypeIIA	Streptococcus	Streptococcus agalactiae strain SGEHI2015-113 chromosome, complete genome	XnGG	Sag2	Streptococcus_agalactiae_NEM316	NGGD(A>K)W(T>A)	7b669277d9fb5380d4602fc7df95a677e1b00c01c5cd89ac5ee2c990d5624b1e	different_strain	exclude from exact benchmark registration
CP025281.1	CAS-TypeIIC	Campylobacter	Campylobacter coli strain YH503 chromosome, complete genome		Cco	Campylobacter coli	NNNNCTA	ae316ea20416062f9f78001910ad3d3aabe72744a2b74e13992d2209e89a43ae	species_only_match_needs_strain	resolve experimental strain; do not register
CP026367.1	CAS-TypeIIC	Staphylococcus|Sulfitobacter	Sulfitobacter donghicola strain SB1155 chromosome, complete genome		Sdo	Sulfitobacter donghicola	NRRNTT	dbee0540d92282688b5cd47fd1a9e9cfd1087926af84cdb31b5b877cd1f78857	species_only_match_needs_strain	resolve experimental strain; do not register
CP028187.1	CAS-TypeIIC	Campylobacter	Campylobacter coli strain CFSAN054106 chromosome, complete genome		Cco	Campylobacter coli	NNNNCTA	ae316ea20416062f9f78001910ad3d3aabe72744a2b74e13992d2209e89a43ae	species_only_match_needs_strain	resolve experimental strain; do not register
CP033199.1	CAS-TypeIIA	Streptococcus	Streptococcus mutans strain LAB761 chromosome, complete genome		Smu	Streptococcus_mutans_GS-5	NGGDT	015684f1a67bb02c3f759f99ab1822b2ef811b260bff2b93cfb8e43344000626	different_strain	exclude from exact benchmark registration
CP034315.1	CAS-TypeIIA	Streptococcus	Streptococcus agalactiae strain TFJ0901 chromosome, complete genome	XnGG	Sag1	Streptococcus agalactiae	NGG	1d6f13fa1c35fa75136d32ed3ab59c6abf20fbd68ef8d0096da4b52eead712f9	species_only_match_needs_strain	resolve experimental strain; do not register
CP034315.1	CAS-TypeIIA	Streptococcus	Streptococcus agalactiae strain TFJ0901 chromosome, complete genome	XnGG	Sag2	Streptococcus_agalactiae_NEM316	NGGD(A>K)W(T>A)	7b669277d9fb5380d4602fc7df95a677e1b00c01c5cd89ac5ee2c990d5624b1e	different_strain	exclude from exact benchmark registration
HF952104.1	CAS-TypeIIA	Streptococcus	Streptococcus agalactiae 09mas018883 complete genome	XTGGnT|XnGG	Sag1	Streptococcus agalactiae	NGG	1d6f13fa1c35fa75136d32ed3ab59c6abf20fbd68ef8d0096da4b52eead712f9	species_only_match_needs_strain	resolve experimental strain; do not register
HF952104.1	CAS-TypeIIA	Streptococcus	Streptococcus agalactiae 09mas018883 complete genome	XTGGnT|XnGG	Sag2	Streptococcus_agalactiae_NEM316	NGGD(A>K)W(T>A)	7b669277d9fb5380d4602fc7df95a677e1b00c01c5cd89ac5ee2c990d5624b1e	different_strain	exclude from exact benchmark registration
LR134525.1	CAS-TypeIIC	Neisseria	Neisseria meningitidis strain NCTC10025 genome assembly, chromosome: 1		Nme2	Neisseria meningitidis	NHDTCCA	73e5b4626f7c7b280f2f5abc15b510fcf633430f8efdb573fbe34cf3640ce706	species_only_match_needs_strain	resolve experimental strain; do not register
LR594034.1	CAS-TypeIIA	Streptococcus	Streptococcus dysgalactiae subsp. equisimilis strain NCTC8546 genome assembly, chromosome: 1		Sdy	Streptococcus_dysgalactiae_subsp._equisimilis_AC-2713	NGGNG	2b476818e1648b6e158da808692b408c8a8d32f227ebeeb6f0f942f6ffff8f7b	different_strain	exclude from exact benchmark registration
LR594046.1	CAS-TypeIIA	Streptococcus	Streptococcus dysgalactiae strain NCTC6403 genome assembly, chromosome: 1		Sdy	Streptococcus_dysgalactiae_subsp._equisimilis_AC-2713	NGGNG	2b476818e1648b6e158da808692b408c8a8d32f227ebeeb6f0f942f6ffff8f7b	different_strain	exclude from exact benchmark registration
LS483366.1	CAS-TypeIIC	Streptococcus	Streptococcus salivarius strain NCTC7366 genome assembly, chromosome: 1	XnnAAAGnnA	Ssa	Streptococcus_salivarius_JIM8777	NNAGAAA	2a24a5d691d595d29b86d0a9cf4af55d22933bcdfd63fb0c13b927eba5fe23ff	different_strain	exclude from exact benchmark registration
CP002422.1	CAS-TypeIIC	Neisseria	Neisseria meningitidis M01-240355, complete genome		Nme2	Neisseria meningitidis	NHDTCCA	73e5b4626f7c7b280f2f5abc15b510fcf633430f8efdb573fbe34cf3640ce706	species_only_match_needs_strain	resolve experimental strain; do not register
CP007687.1	CAS-TypeIIA	Listeria	Listeria monocytogenes strain L2625, complete genome	XnGG	Lmo	Listeria monocytogenes	N(B>A)GG	177a25b53450d688968dcfc1ac0c612caaa64c4725cab08df8aa2b974a24dff5	species_only_match_needs_strain	resolve experimental strain; do not register
CP019621.1	CAS-TypeIIA	Listeria	Listeria monocytogenes strain 10-092876-1235 LM8, complete genome	XnGG	Lmo	Listeria monocytogenes	N(B>A)GG	177a25b53450d688968dcfc1ac0c612caaa64c4725cab08df8aa2b974a24dff5	species_only_match_needs_strain	resolve experimental strain; do not register
CP031545.1	CAS-TypeIIA	Streptococcus	Streptococcus thermophilus strain ST109 chromosome, complete genome	XnGGnG	Sth1A	Streptococcus_thermophilus_LMG_18311	NHGYRAA	f7263a92f476a88fcd2999f5f645c7eec121bad46093967f6ab83bcbf804dc8f	different_strain	exclude from exact benchmark registration
LT220504.1	CAS-TypeIIA	Lactobacillus	Lactobacillus rhamnosus strain BPL5 genome assembly, chromosome: I		Lrh	Lactobacillus_rhamnosus_LOCK900	N(T>V)NTAAW(A>T)	28965cf1d70e9f51a8957e700602259d2406667b88eeac32207a4d09cda8547c	different_strain	exclude from exact benchmark registration
AP012336.1	CAS-TypeIIA	Streptococcus	Streptococcus mutans LJ23 DNA, complete genome		Smu	Streptococcus_mutans_GS-5	NGGDT	015684f1a67bb02c3f759f99ab1822b2ef811b260bff2b93cfb8e43344000626	different_strain	exclude from exact benchmark registration
CP000381.1	CAS-TypeIIC	Neisseria	Neisseria meningitidis 053442, complete genome		Nme2	Neisseria meningitidis	NHDTCCA	73e5b4626f7c7b280f2f5abc15b510fcf633430f8efdb573fbe34cf3640ce706	species_only_match_needs_strain	resolve experimental strain; do not register
CP002452.1	CAS-TypeIIC	Nitratifractor	Nitratifractor salsuginis DSM 16511, complete genome		Nsa	Nitratifractor salsuginis	NAGRGN(T>V)N(T>C)	4c84c88f2dcb62580322e2eb0afa30abebb5b8d9a0fd5fc12c6f0dbd84f049fb	species_only_match_needs_strain	resolve experimental strain; do not register
CP025471.1	CAS-TypeIIA	Pediococcus	Pediococcus acidilactici strain PB22 chromosome, complete genome		Pac	Pediococcus acidilactici	NH(T>C>A)AAAA	e493d84aeb33c6d7bae26b831025a413e16697b05ce36c13eb5e4509a86911a0	species_only_match_needs_strain	resolve experimental strain; do not register
HG939456.1	CAS-TypeIIA	Streptococcus	Streptococcus agalactiae, strain COH1, complete genome		Sag1	Streptococcus agalactiae	NGG	1d6f13fa1c35fa75136d32ed3ab59c6abf20fbd68ef8d0096da4b52eead712f9	species_only_match_needs_strain	resolve experimental strain; do not register
HG939456.1	CAS-TypeIIA	Streptococcus	Streptococcus agalactiae, strain COH1, complete genome		Sag2	Streptococcus_agalactiae_NEM316	NGGD(A>K)W(T>A)	7b669277d9fb5380d4602fc7df95a677e1b00c01c5cd89ac5ee2c990d5624b1e	different_strain	exclude from exact benchmark registration
LR134404.1	CAS-TypeIIC	Weeksella	Weeksella virosa strain NCTC11634 genome assembly, chromosome: 1		Wvi	Weeksella virosa	HHAAATD	962137bd7591834df80b86e259271fb3f942505ebaaf26c3ec7985fec92d369e	species_only_match_needs_strain	resolve experimental strain; do not register
