chromosome_accession	subtype	genus	family	order	class	phylum	source_rows	hit_rows	effective_unique_hit_spacers	unambiguous_oriented_hit_rows	orientations	published_pam_fields	rows_with_cas9_annotation	curation_priority	curation_priority_points	registered_system_id	readiness	independence_status
CP009575.1	CAS-TypeIIC	Listeria	Listeriaceae	Bacillales	Bacilli	Firmicutes	93	80	80	80	forward	XnnACnC	93	A	70		needs_exact_same_strain_protein_and_experimental_gold	aggregate_consensus_flanks_no_raw_target_ids
CP022723.1	CAS-TypeIIA	Bifidobacterium	Bifidobacteriaceae	Bifidobacteriales	Actinobacteria	Actinobacteria	67	61	61	61	forward	XnnGCGT	67	A	70		needs_exact_same_strain_protein_and_experimental_gold	aggregate_consensus_flanks_no_raw_target_ids
AP010655.1	CAS-TypeIIA	Streptococcus	Streptococcaceae	Lactobacillales	Bacilli	Firmicutes	67	59	59	59	forward	XnGG	67	A	70		needs_exact_same_strain_protein_and_experimental_gold	aggregate_consensus_flanks_no_raw_target_ids
LR134394.1	CAS-TypeIIC	Listeria	Listeriaceae	Bacillales	Bacilli	Firmicutes	74	59	59	59	forward	XnnACnC	74	A	70		needs_exact_same_strain_protein_and_experimental_gold	aggregate_consensus_flanks_no_raw_target_ids
LT907930.1	CAS-TypeIIC	Lactobacillus	Lactobacillaceae	Lactobacillales	Bacilli	Firmicutes	91	57	57	57	forward	XnnnnGCAC	91	A	70		needs_exact_same_strain_protein_and_experimental_gold	aggregate_consensus_flanks_no_raw_target_ids
CP016205.1	CAS-TypeIIC	Prevotella	Prevotellaceae	Bacteroidales	Bacteroidia	Bacteroidetes	64	55	55	55	reverse	XnnnnCC	64	A	70		needs_exact_same_strain_protein_and_experimental_gold	aggregate_consensus_flanks_no_raw_target_ids
LR027880.1	CAS-TypeIIC	Roseburia	Lachnospiraceae	Clostridiales	Clostridia	Firmicutes	61	55	55	55	reverse	XnnnnCATA|XnnnnCnnA	61	A	70		needs_exact_same_strain_protein_and_experimental_gold	aggregate_consensus_flanks_no_raw_target_ids
LS483364.1	CAS-TypeIIA	Streptococcus	Streptococcaceae	Lactobacillales	Bacilli	Firmicutes	63	53	53	53	forward	XnGGnG	63	A	70		needs_exact_same_strain_protein_and_experimental_gold	aggregate_consensus_flanks_no_raw_target_ids
CM002372.1	CAS-TypeIIC	Streptococcus	Streptococcaceae	Lactobacillales	Bacilli	Firmicutes	52	50	50	50	forward	XnnAAAAA	52	A	70		needs_exact_same_strain_protein_and_experimental_gold	aggregate_consensus_flanks_no_raw_target_ids
CP019981.1	CAS-TypeIIA	Pediococcus	Lactobacillaceae	Lactobacillales	Bacilli	Firmicutes	67	49	49	49	reverse	XnnTAC	67	A	70		needs_exact_same_strain_protein_and_experimental_gold	aggregate_consensus_flanks_no_raw_target_ids
CP012073.1	CAS-TypeIIC	Ottowia	Comamonadaceae	Burkholderiales	Betaproteobacteria	Proteobacteria	57	47	47	47	reverse	XnnGnnT	57	A	70		needs_exact_same_strain_protein_and_experimental_gold	aggregate_consensus_flanks_no_raw_target_ids
CP031881.1	CAS-TypeIIC	Streptococcus	Streptococcaceae	Lactobacillales	Bacilli	Firmicutes	50	47	47	47	forward	XnnGAAAA	50	A	70		needs_exact_same_strain_protein_and_experimental_gold	aggregate_consensus_flanks_no_raw_target_ids
CP017697.1	CAS-TypeIIC	Lactobacillus	Lactobacillaceae	Lactobacillales	Bacilli	Firmicutes	82	46	46	46	reverse	XnnnnCTAC	82	A	70		needs_exact_same_strain_protein_and_experimental_gold	aggregate_consensus_flanks_no_raw_target_ids
LT984417.2	CAS-TypeIIA	Lactobacillus	Lactobacillaceae	Lactobacillales	Bacilli	Firmicutes	67	46	46	46	reverse	XnnAAG	67	A	70		needs_exact_same_strain_protein_and_experimental_gold	aggregate_consensus_flanks_no_raw_target_ids
CP022022.1	CAS-TypeIIC	Capnocytophaga	Flavobacteriaceae	Flavobacteriales	Flavobacteriia	Bacteroidetes	52	45	45	45	reverse	XnAAAAA	52	A	70		needs_exact_same_strain_protein_and_experimental_gold	aggregate_consensus_flanks_no_raw_target_ids
CP031545.1	CAS-TypeIIC	Streptococcus	Streptococcaceae	Lactobacillales	Bacilli	Firmicutes	48	45	45	45	forward	XnnAGAAA	48	A	70		needs_exact_same_strain_protein_and_experimental_gold	aggregate_consensus_flanks_no_raw_target_ids
CP003860.1	CAS-TypeIIC	Streptococcus	Streptococcaceae	Lactobacillales	Bacilli	Firmicutes	50	44	44	44	forward	XnnAA|XnnAAAAA|XnnAnAnA	50	A	70		needs_exact_same_strain_protein_and_experimental_gold	aggregate_consensus_flanks_no_raw_target_ids
HE613569.1	CAS-TypeIIC	Streptococcus	Streptococcaceae	Lactobacillales	Bacilli	Firmicutes	45	43	43	43	reverse	XnnGnAAA	45	A	70		needs_exact_same_strain_protein_and_experimental_gold	aggregate_consensus_flanks_no_raw_target_ids
LR594041.1	CAS-TypeIIC	Streptococcus	Streptococcaceae	Lactobacillales	Bacilli	Firmicutes	43	43	43	43	reverse	XnnAAAG	43	A	70		needs_exact_same_strain_protein_and_experimental_gold	aggregate_consensus_flanks_no_raw_target_ids
LS974444.1	CAS-TypeIIC	Streptococcus	Streptococcaceae	Lactobacillales	Bacilli	Firmicutes	55	42	42	42	reverse	XnnAAAAA	55	A	70		needs_exact_same_strain_protein_and_experimental_gold	aggregate_consensus_flanks_no_raw_target_ids
CP002220.1	CAS-TypeIIA	Bifidobacterium	Bifidobacteriaceae	Bifidobacteriales	Actinobacteria	Actinobacteria	43	40	40	40	reverse	XnnGCGT	43	A	70		needs_exact_same_strain_protein_and_experimental_gold	aggregate_consensus_flanks_no_raw_target_ids
LS483408.1	CAS-TypeIIA	Streptococcus	Streptococcaceae	Lactobacillales	Bacilli	Firmicutes	57	39	39	39	reverse	XnGG	57	A	69		needs_exact_same_strain_protein_and_experimental_gold	aggregate_consensus_flanks_no_raw_target_ids
CP001107.1	CAS-TypeIIC		Lachnospiraceae	Clostridiales	Clostridia	Firmicutes	44	38	38	38	forward	XnnAnAA	44	A	68		needs_exact_same_strain_protein_and_experimental_gold	aggregate_consensus_flanks_no_raw_target_ids
CP039457.1	CAS-TypeIIA	Streptococcus	Streptococcaceae	Lactobacillales	Bacilli	Firmicutes	42	38	38	38	reverse	XnGG	42	A	68		needs_exact_same_strain_protein_and_experimental_gold	aggregate_consensus_flanks_no_raw_target_ids
FR875178.1	CAS-TypeIIC	Streptococcus	Streptococcaceae	Lactobacillales	Bacilli	Firmicutes	39	38	38	38	forward	XnnAGAAA	39	A	68		needs_exact_same_strain_protein_and_experimental_gold	aggregate_consensus_flanks_no_raw_target_ids
CM002371.1	CAS-TypeIIC	Streptococcus	Streptococcaceae	Lactobacillales	Bacilli	Firmicutes	42	37	37	37	forward	XnnAAAAA|XnnAGAAA|XnnAGAAAnAA	42	A	67		needs_exact_same_strain_protein_and_experimental_gold	aggregate_consensus_flanks_no_raw_target_ids
CP012589.1	CAS-TypeIIC	Capnocytophaga	Flavobacteriaceae	Flavobacteriales	Flavobacteriia	Bacteroidetes	39	36	36	36	forward	XnATTTTT	39	A	66		needs_exact_same_strain_protein_and_experimental_gold	aggregate_consensus_flanks_no_raw_target_ids
CP014241.1	CAS-TypeIIA	Bifidobacterium	Bifidobacteriaceae	Bifidobacteriales	Actinobacteria	Actinobacteria	42	36	36	36	reverse	XnGGG	42	A	66		needs_exact_same_strain_protein_and_experimental_gold	aggregate_consensus_flanks_no_raw_target_ids
CP025399.1	CAS-TypeIIC	Streptococcus	Streptococcaceae	Lactobacillales	Bacilli	Firmicutes	38	36	36	36	forward	XnnAAAAA|XnnAGAAA	38	A	66		needs_exact_same_strain_protein_and_experimental_gold	aggregate_consensus_flanks_no_raw_target_ids
CP035054.1	CAS-TypeIIA	Lactobacillus	Lactobacillaceae	Lactobacillales	Bacilli	Firmicutes	44	36	36	36	reverse	XnnAAA	44	A	66		needs_exact_same_strain_protein_and_experimental_gold	aggregate_consensus_flanks_no_raw_target_ids
AP018699.1	CAS-TypeIIA	Lactobacillus	Lactobacillaceae	Lactobacillales	Bacilli	Firmicutes	50	35	35	35	forward	XnnGAA	50	A	65		needs_exact_same_strain_protein_and_experimental_gold	aggregate_consensus_flanks_no_raw_target_ids
CM002369.1	CAS-TypeIIC	Streptococcus	Streptococcaceae	Lactobacillales	Bacilli	Firmicutes	46	35	35	35	forward	XnnAGAAA|XnnAGAAAnAA	46	A	65		needs_exact_same_strain_protein_and_experimental_gold	aggregate_consensus_flanks_no_raw_target_ids
CP011013.1	CAS-TypeIIA	Lactobacillus	Lactobacillaceae	Lactobacillales	Bacilli	Firmicutes	37	33	33	33	reverse	XnnAAAA	37	A	63		needs_exact_same_strain_protein_and_experimental_gold	aggregate_consensus_flanks_no_raw_target_ids
LR134288.1	CAS-TypeIIA	Streptococcus	Streptococcaceae	Lactobacillales	Bacilli	Firmicutes	37	33	33	33	reverse	XnGG	37	A	63		needs_exact_same_strain_protein_and_experimental_gold	aggregate_consensus_flanks_no_raw_target_ids
LS991421.1	CAS-TypeIIA	Lactobacillus	Lactobacillaceae	Lactobacillales	Bacilli	Firmicutes	42	33	33	33	reverse	XnnTAG	42	A	63		needs_exact_same_strain_protein_and_experimental_gold	aggregate_consensus_flanks_no_raw_target_ids
CP018477.1	CAS-TypeIIC	Thermogutta	Thermoguttaceae	Pirellulales	Planctomycetia	Planctomycetes	73	32	32	32	forward	XnnnCC	73	A	62		needs_exact_same_strain_protein_and_experimental_gold	aggregate_consensus_flanks_no_raw_target_ids
CP031835.1	CAS-TypeIIA	Lactobacillus	Lactobacillaceae	Lactobacillales	Bacilli	Firmicutes	46	32	32	32	reverse	XnnAAAA	46	A	62		needs_exact_same_strain_protein_and_experimental_gold	aggregate_consensus_flanks_no_raw_target_ids
CP002340.1	CAS-TypeIIC	Streptococcus	Streptococcaceae	Lactobacillales	Bacilli	Firmicutes	34	31	31	31	forward	XnnAGAAAnAA|XnnAnAA	34	A	61		needs_exact_same_strain_protein_and_experimental_gold	aggregate_consensus_flanks_no_raw_target_ids
CP009470.1	CAS-TypeIIC	Staphylococcus	Staphylococcaceae	Bacillales	Bacilli	Firmicutes	36	31	31	31	reverse	XnnGAA	36	A	61		needs_exact_same_strain_protein_and_experimental_gold	aggregate_consensus_flanks_no_raw_target_ids
CP019935.1	CAS-TypeIIC	Streptococcus	Streptococcaceae	Lactobacillales	Bacilli	Firmicutes	34	31	31	31	forward	XnnAGAAAnAA|XnnAnAA	34	A	61		needs_exact_same_strain_protein_and_experimental_gold	aggregate_consensus_flanks_no_raw_target_ids
CP028149.1	CAS-TypeIIC	Clostridium	Clostridiaceae	Clostridiales	Clostridia	Firmicutes	42	31	31	31	forward	XnnnnnAAA	42	A	61		needs_exact_same_strain_protein_and_experimental_gold	aggregate_consensus_flanks_no_raw_target_ids
LR594047.1	CAS-TypeIIA	Streptococcus	Streptococcaceae	Lactobacillales	Bacilli	Firmicutes	33	31	31	31	reverse	XnGGnG	33	A	61		needs_exact_same_strain_protein_and_experimental_gold	aggregate_consensus_flanks_no_raw_target_ids
CP015403.2	CAS-TypeIIB			Burkholderiales	Betaproteobacteria	Proteobacteria	94	66	66	66	forward|reverse	XnGG	94	A	60		needs_exact_same_strain_protein_and_experimental_gold	aggregate_consensus_flanks_no_raw_target_ids
CP002113.1	CAS-TypeIIC	Capnocytophaga	Flavobacteriaceae	Flavobacteriales	Flavobacteriia	Bacteroidetes	106	59	59	59	reverse		106	A	60		needs_exact_same_strain_protein_and_experimental_gold	aggregate_consensus_flanks_no_raw_target_ids
AP012054.1	CAS-TypeIIC	Streptococcus	Streptococcaceae	Lactobacillales	Bacilli	Firmicutes	37	30	30	30	reverse	XnnGnnAA|XnnnnAAA	37	A	60		needs_exact_same_strain_protein_and_experimental_gold	aggregate_consensus_flanks_no_raw_target_ids
CP007170.1	CAS-TypeIIA	Listeria	Listeriaceae	Bacillales	Bacilli	Firmicutes	31	30	30	30	reverse	XnGG	31	A	60		needs_exact_same_strain_protein_and_experimental_gold	aggregate_consensus_flanks_no_raw_target_ids
CP007171.1	CAS-TypeIIA	Listeria	Listeriaceae	Bacillales	Bacilli	Firmicutes	31	30	30	30	reverse	XnGG	31	A	60		needs_exact_same_strain_protein_and_experimental_gold	aggregate_consensus_flanks_no_raw_target_ids
CP007688.1	CAS-TypeIIA	Listeria	Listeriaceae	Bacillales	Bacilli	Firmicutes	31	30	30	30	reverse	XnGG	31	A	60		needs_exact_same_strain_protein_and_experimental_gold	aggregate_consensus_flanks_no_raw_target_ids
LR134282.1	CAS-TypeIIC	Streptococcus	Streptococcaceae	Lactobacillales	Bacilli	Firmicutes	34	30	30	30	reverse	XnnGCAAA	34	A	60		needs_exact_same_strain_protein_and_experimental_gold	aggregate_consensus_flanks_no_raw_target_ids
LR594042.1	CAS-TypeIIC	Streptococcus	Streptococcaceae	Lactobacillales	Bacilli	Firmicutes	34	30	30	30	reverse	XnnGCAAA	34	A	60		needs_exact_same_strain_protein_and_experimental_gold	aggregate_consensus_flanks_no_raw_target_ids
LT906436.1	CAS-TypeIIA	Listeria	Listeriaceae	Bacillales	Bacilli	Firmicutes	31	30	30	30	reverse	XnGG	31	A	60		needs_exact_same_strain_protein_and_experimental_gold	aggregate_consensus_flanks_no_raw_target_ids
CM003138.1	CAS-TypeIIC	Streptococcus	Streptococcaceae	Lactobacillales	Bacilli	Firmicutes	29	29	29	29	forward	XnnAGAAA	29	A	59		needs_exact_same_strain_protein_and_experimental_gold	aggregate_consensus_flanks_no_raw_target_ids
CP002002.1	CAS-TypeIIA	Listeria	Listeriaceae	Bacillales	Bacilli	Firmicutes	30	29	29	29	reverse	XnGG	30	A	59		needs_exact_same_strain_protein_and_experimental_gold	aggregate_consensus_flanks_no_raw_target_ids
CP007684.1	CAS-TypeIIA	Listeria	Listeriaceae	Bacillales	Bacilli	Firmicutes	30	29	29	29	reverse	XnGG	30	A	59		needs_exact_same_strain_protein_and_experimental_gold	aggregate_consensus_flanks_no_raw_target_ids
CP014261.1	CAS-TypeIIA	Listeria	Listeriaceae	Bacillales	Bacilli	Firmicutes	30	29	29	29	reverse	XnGG	30	A	59		needs_exact_same_strain_protein_and_experimental_gold	aggregate_consensus_flanks_no_raw_target_ids
CP014790.1	CAS-TypeIIA	Listeria	Listeriaceae	Bacillales	Bacilli	Firmicutes	30	29	29	29	reverse	XnGG	30	A	59		needs_exact_same_strain_protein_and_experimental_gold	aggregate_consensus_flanks_no_raw_target_ids
CP028392.1	CAS-TypeIIA	Listeria	Listeriaceae	Bacillales	Bacilli	Firmicutes	30	29	29	29	reverse	XnGG	30	A	59		needs_exact_same_strain_protein_and_experimental_gold	aggregate_consensus_flanks_no_raw_target_ids
CP028393.1	CAS-TypeIIA	Listeria	Listeriaceae	Bacillales	Bacilli	Firmicutes	30	29	29	29	reverse	XnGG	30	A	59		needs_exact_same_strain_protein_and_experimental_gold	aggregate_consensus_flanks_no_raw_target_ids
CP028394.1	CAS-TypeIIA	Listeria	Listeriaceae	Bacillales	Bacilli	Firmicutes	30	29	29	29	reverse	XnGG	30	A	59		needs_exact_same_strain_protein_and_experimental_gold	aggregate_consensus_flanks_no_raw_target_ids
CP028395.1	CAS-TypeIIA	Listeria	Listeriaceae	Bacillales	Bacilli	Firmicutes	30	29	29	29	reverse	XnGG	30	A	59		needs_exact_same_strain_protein_and_experimental_gold	aggregate_consensus_flanks_no_raw_target_ids
CP028396.1	CAS-TypeIIA	Listeria	Listeriaceae	Bacillales	Bacilli	Firmicutes	30	29	29	29	reverse	XnGG	30	A	59		needs_exact_same_strain_protein_and_experimental_gold	aggregate_consensus_flanks_no_raw_target_ids
CP028397.1	CAS-TypeIIA	Listeria	Listeriaceae	Bacillales	Bacilli	Firmicutes	30	29	29	29	reverse	XnGG	30	A	59		needs_exact_same_strain_protein_and_experimental_gold	aggregate_consensus_flanks_no_raw_target_ids
CP028398.1	CAS-TypeIIA	Listeria	Listeriaceae	Bacillales	Bacilli	Firmicutes	30	29	29	29	reverse	XnGG	30	A	59		needs_exact_same_strain_protein_and_experimental_gold	aggregate_consensus_flanks_no_raw_target_ids
CP028399.1	CAS-TypeIIA	Listeria	Listeriaceae	Bacillales	Bacilli	Firmicutes	30	29	29	29	reverse	XnGG	30	A	59		needs_exact_same_strain_protein_and_experimental_gold	aggregate_consensus_flanks_no_raw_target_ids
CP028400.1	CAS-TypeIIA	Listeria	Listeriaceae	Bacillales	Bacilli	Firmicutes	30	29	29	29	reverse	XnGG	30	A	59		needs_exact_same_strain_protein_and_experimental_gold	aggregate_consensus_flanks_no_raw_target_ids
CP028401.1	CAS-TypeIIA	Listeria	Listeriaceae	Bacillales	Bacilli	Firmicutes	30	29	29	29	reverse	XnGG	30	A	59		needs_exact_same_strain_protein_and_experimental_gold	aggregate_consensus_flanks_no_raw_target_ids
CP028402.1	CAS-TypeIIA	Listeria	Listeriaceae	Bacillales	Bacilli	Firmicutes	30	29	29	29	reverse	XnGG	30	A	59		needs_exact_same_strain_protein_and_experimental_gold	aggregate_consensus_flanks_no_raw_target_ids
CP028403.1	CAS-TypeIIA	Listeria	Listeriaceae	Bacillales	Bacilli	Firmicutes	30	29	29	29	reverse	XnGG	30	A	59		needs_exact_same_strain_protein_and_experimental_gold	aggregate_consensus_flanks_no_raw_target_ids
CP028404.1	CAS-TypeIIA	Listeria	Listeriaceae	Bacillales	Bacilli	Firmicutes	30	29	29	29	reverse	XnGG	30	A	59		needs_exact_same_strain_protein_and_experimental_gold	aggregate_consensus_flanks_no_raw_target_ids
CP028405.1	CAS-TypeIIA	Listeria	Listeriaceae	Bacillales	Bacilli	Firmicutes	30	29	29	29	reverse	XnGG	30	A	59		needs_exact_same_strain_protein_and_experimental_gold	aggregate_consensus_flanks_no_raw_target_ids
CP028406.1	CAS-TypeIIA	Listeria	Listeriaceae	Bacillales	Bacilli	Firmicutes	30	29	29	29	reverse	XnGG	30	A	59		needs_exact_same_strain_protein_and_experimental_gold	aggregate_consensus_flanks_no_raw_target_ids
CP028407.1	CAS-TypeIIA	Listeria	Listeriaceae	Bacillales	Bacilli	Firmicutes	30	29	29	29	reverse	XnGG	30	A	59		needs_exact_same_strain_protein_and_experimental_gold	aggregate_consensus_flanks_no_raw_target_ids
CP028408.1	CAS-TypeIIA	Listeria	Listeriaceae	Bacillales	Bacilli	Firmicutes	30	29	29	29	reverse	XnGG	30	A	59		needs_exact_same_strain_protein_and_experimental_gold	aggregate_consensus_flanks_no_raw_target_ids
CP028409.1	CAS-TypeIIA	Listeria	Listeriaceae	Bacillales	Bacilli	Firmicutes	30	29	29	29	reverse	XnGG	30	A	59		needs_exact_same_strain_protein_and_experimental_gold	aggregate_consensus_flanks_no_raw_target_ids
CP028410.1	CAS-TypeIIA	Listeria	Listeriaceae	Bacillales	Bacilli	Firmicutes	30	29	29	29	reverse	XnGG	30	A	59		needs_exact_same_strain_protein_and_experimental_gold	aggregate_consensus_flanks_no_raw_target_ids
CP028411.1	CAS-TypeIIA	Listeria	Listeriaceae	Bacillales	Bacilli	Firmicutes	30	29	29	29	reverse	XnGG	30	A	59		needs_exact_same_strain_protein_and_experimental_gold	aggregate_consensus_flanks_no_raw_target_ids
CP028412.1	CAS-TypeIIA	Listeria	Listeriaceae	Bacillales	Bacilli	Firmicutes	30	29	29	29	reverse	XnGG	30	A	59		needs_exact_same_strain_protein_and_experimental_gold	aggregate_consensus_flanks_no_raw_target_ids
CP028413.1	CAS-TypeIIA	Listeria	Listeriaceae	Bacillales	Bacilli	Firmicutes	30	29	29	29	reverse	XnGG	30	A	59		needs_exact_same_strain_protein_and_experimental_gold	aggregate_consensus_flanks_no_raw_target_ids
CP029372.1	CAS-TypeIIA	Listeria	Listeriaceae	Bacillales	Bacilli	Firmicutes	30	29	29	29	reverse	XnGG	30	A	59		needs_exact_same_strain_protein_and_experimental_gold	aggregate_consensus_flanks_no_raw_target_ids
FQ312004.1	CAS-TypeIIC	Bacteroides	Bacteroidaceae	Bacteroidales	Bacteroidia	Bacteroidetes	29	29	29	29	forward	XnAnTnC	29	A	59		needs_exact_same_strain_protein_and_experimental_gold	aggregate_consensus_flanks_no_raw_target_ids
LR594049.1	CAS-TypeIIC	Streptococcus	Streptococcaceae	Lactobacillales	Bacilli	Firmicutes	31	29	29	29	reverse	XnnGCAA	31	A	59		needs_exact_same_strain_protein_and_experimental_gold	aggregate_consensus_flanks_no_raw_target_ids
CM002370.1	CAS-TypeIIC	Streptococcus	Streptococcaceae	Lactobacillales	Bacilli	Firmicutes	30	28	28	28	forward	XnnAGAA	30	A	58		needs_exact_same_strain_protein_and_experimental_gold	aggregate_consensus_flanks_no_raw_target_ids
CP014890.1	CAS-TypeIIC	Lactobacillus	Lactobacillaceae	Lactobacillales	Bacilli	Firmicutes	62	28	28	28	forward	XnnnnGTTT	62	A	58		needs_exact_same_strain_protein_and_experimental_gold	aggregate_consensus_flanks_no_raw_target_ids
LR590477.1	CAS-TypeIIC	Neisseria	Neisseriaceae	Neisseriales	Betaproteobacteria	Proteobacteria	42	35	28	28	reverse	XGAA	42	A	58		needs_exact_same_strain_protein_and_experimental_gold	aggregate_consensus_flanks_no_raw_target_ids
LS483462.1	CAS-TypeIIC	Streptococcus	Streptococcaceae	Lactobacillales	Bacilli	Firmicutes	37	28	28	28	reverse	XnnGnnAA	37	A	58		needs_exact_same_strain_protein_and_experimental_gold	aggregate_consensus_flanks_no_raw_target_ids
CM003139.1	CAS-TypeIIA	Streptococcus	Streptococcaceae	Lactobacillales	Bacilli	Firmicutes	27	27	27	27	reverse	XnGGnG	27	A	57		needs_exact_same_strain_protein_and_experimental_gold	aggregate_consensus_flanks_no_raw_target_ids
CP007685.1	CAS-TypeIIA	Listeria	Listeriaceae	Bacillales	Bacilli	Firmicutes	28	27	27	27	reverse	XnGG	28	A	57		needs_exact_same_strain_protein_and_experimental_gold	aggregate_consensus_flanks_no_raw_target_ids
CP014201.1	CAS-TypeIIA	Lactobacillus	Lactobacillaceae	Lactobacillales	Bacilli	Firmicutes	31	27	27	27	reverse	XnGAAA	31	A	57		needs_exact_same_strain_protein_and_experimental_gold	aggregate_consensus_flanks_no_raw_target_ids
CP022384.1	CAS-TypeIIC	Capnocytophaga	Flavobacteriaceae	Flavobacteriales	Flavobacteriia	Bacteroidetes	33	27	27	27	reverse	XnnAAAG	33	A	57		needs_exact_same_strain_protein_and_experimental_gold	aggregate_consensus_flanks_no_raw_target_ids
CP032621.1	CAS-TypeIIA	Streptococcus	Streptococcaceae	Lactobacillales	Bacilli	Firmicutes	29	27	27	27	forward	XnGG	29	A	57		needs_exact_same_strain_protein_and_experimental_gold	aggregate_consensus_flanks_no_raw_target_ids
LR134203.1	CAS-TypeIIA	Streptococcus	Streptococcaceae	Lactobacillales	Bacilli	Firmicutes	29	27	27	27	reverse	XnAGA	29	A	57		needs_exact_same_strain_protein_and_experimental_gold	aggregate_consensus_flanks_no_raw_target_ids
CM002371.1	CAS-TypeIIA	Streptococcus	Streptococcaceae	Lactobacillales	Bacilli	Firmicutes	26	26	26	26	reverse	XTGGnG	26	A	56		needs_exact_same_strain_protein_and_experimental_gold	aggregate_consensus_flanks_no_raw_target_ids
CP006594.1	CAS-TypeIIA	Listeria	Listeriaceae	Bacillales	Bacilli	Firmicutes	39	26	26	26	reverse	XnGG	39	A	56		needs_exact_same_strain_protein_and_experimental_gold	aggregate_consensus_flanks_no_raw_target_ids
CP006597.1	CAS-TypeIIA	Listeria	Listeriaceae	Bacillales	Bacilli	Firmicutes	39	26	26	26	reverse	XnGG	39	A	56		needs_exact_same_strain_protein_and_experimental_gold	aggregate_consensus_flanks_no_raw_target_ids
CP016400.1	CAS-TypeIIA	Lactobacillus	Lactobacillaceae	Lactobacillales	Bacilli	Firmicutes	31	26	26	26	reverse	XAnGAA	31	A	56		needs_exact_same_strain_protein_and_experimental_gold	aggregate_consensus_flanks_no_raw_target_ids
CP023477.1	CAS-TypeIIA	Streptococcus	Streptococcaceae	Lactobacillales	Bacilli	Firmicutes	31	26	26	26	forward	XnGG	31	A	56		needs_exact_same_strain_protein_and_experimental_gold	aggregate_consensus_flanks_no_raw_target_ids
CP035306.1	CAS-TypeIIA	Streptococcus	Streptococcaceae	Lactobacillales	Bacilli	Firmicutes	31	26	26	26	reverse	XnGGnG	31	A	56		needs_exact_same_strain_protein_and_experimental_gold	aggregate_consensus_flanks_no_raw_target_ids
CP039381.1	CAS-TypeIIA	Ruminococcus	Ruminococcaceae	Clostridiales	Clostridia	Firmicutes	42	26	26	26	forward	XnnTAAA	42	A	56		needs_exact_same_strain_protein_and_experimental_gold	aggregate_consensus_flanks_no_raw_target_ids
FR720325.1	CAS-TypeIIA	Listeria	Listeriaceae	Bacillales	Bacilli	Firmicutes	39	26	26	26	reverse	XnGG	39	A	56		needs_exact_same_strain_protein_and_experimental_gold	aggregate_consensus_flanks_no_raw_target_ids
FR733646.1	CAS-TypeIIA	Listeria	Listeriaceae	Bacillales	Bacilli	Firmicutes	39	26	26	26	reverse	XnGG	39	A	56		needs_exact_same_strain_protein_and_experimental_gold	aggregate_consensus_flanks_no_raw_target_ids
CP031253.1	CAS-TypeIIC	Neisseria	Neisseriaceae	Neisseriales	Betaproteobacteria	Proteobacteria	39	35	35	35	forward|reverse	XGAA	39	A	55		needs_exact_same_strain_protein_and_experimental_gold	aggregate_consensus_flanks_no_raw_target_ids
CP007160.1	CAS-TypeIIA	Listeria	Listeriaceae	Bacillales	Bacilli	Firmicutes	26	25	25	25	reverse	XnGG	26	A	55		needs_exact_same_strain_protein_and_experimental_gold	aggregate_consensus_flanks_no_raw_target_ids
FR733647.1	CAS-TypeIIA	Listeria	Listeriaceae	Bacillales	Bacilli	Firmicutes	26	25	25	25	reverse	XnGG	26	A	55		needs_exact_same_strain_protein_and_experimental_gold	aggregate_consensus_flanks_no_raw_target_ids
LR134291.1	CAS-TypeIIC	Streptococcus	Streptococcaceae	Lactobacillales	Bacilli	Firmicutes	26	25	25	25	reverse	XnnAAAG	26	A	55		needs_exact_same_strain_protein_and_experimental_gold	aggregate_consensus_flanks_no_raw_target_ids
LR134397.1	CAS-TypeIIA	Listeria	Listeriaceae	Bacillales	Bacilli	Firmicutes	26	25	25	25	reverse	XnGG	26	A	55		needs_exact_same_strain_protein_and_experimental_gold	aggregate_consensus_flanks_no_raw_target_ids
LR134400.1	CAS-TypeIIA	Listeria	Listeriaceae	Bacillales	Bacilli	Firmicutes	26	25	25	25	reverse	XnGG	26	A	55		needs_exact_same_strain_protein_and_experimental_gold	aggregate_consensus_flanks_no_raw_target_ids
