source_row	abbreviation	clade	organism_raw	reported_length	observed_protein_length	pam_consensus_raw	source_description	gold_analysis_project_id	contig_number	analysis_project_link	protein_sha256	gold_master_rows	gold_master_exact_sequence_rows	gold_master_consensus	source_workbook_sha256
1	Lpn	I	Legionella pneumophila	1372	1372	NRGNN					e53c2dc703de58bce568352fbfe9752149abaa237d76289864db9a1b1851700a	1	1	NRGNN	124b1aa0b8dff8b9db26b87205207aa4a256143e91b658b7b8884ca6da5c3079
2	Khu	II	Kurthia huakuii	1309	1309	N(C>D)GGN(T>A>G>C)NN					27cf238eec1f22541ab5fdaa99a083eb906291c7431d85c2bc4b8a298233dd6e	1	1	N(C>D)GGN(T>A>G>C)NN	124b1aa0b8dff8b9db26b87205207aa4a256143e91b658b7b8884ca6da5c3079
3	Ain	III	Acidaminococcus_intestini_RyC-MR95	1358	1358	NRTAW					43717d44ced0ac18b548416372a62cf0a6373cff4712d992eecaa6d7cb3bb9b5	1	1	NRTAW	124b1aa0b8dff8b9db26b87205207aa4a256143e91b658b7b8884ca6da5c3079
4	Cgl	III	Coriobacterium_glomerans_PW2	1384	1384	N(C>K>A)AARC					708e8bb49d748e8a8459818ea3d8fa44ee979a4694f004bd34c5f6c6034dbca0	1	1	N(C>K>A)AARC	124b1aa0b8dff8b9db26b87205207aa4a256143e91b658b7b8884ca6da5c3079
5	Esp1	III	Eggerthella_sp._YY7918	1380	1380	NAAAG					85afe9f404ced83c87442826b2237598393ecef4baa751c46bda4b81d857acb6	1	1	NAAAG	124b1aa0b8dff8b9db26b87205207aa4a256143e91b658b7b8884ca6da5c3079
6	Esp2	III	Eubacterium sp.	1345	1345	NV(A>G>C)R(A>G)ACCN					adf35b6834d1c75403ede1fe45670b869a8ce25a796929df53333f668adc937b	1	1	NV(A>G>C)R(A>G)ACCN	124b1aa0b8dff8b9db26b87205207aa4a256143e91b658b7b8884ca6da5c3079
7	Fma	III	Finegoldia_magna_ATCC_29328	1348	1348	NNGAC					46f813f0bee6c2451e6bae213a9178f45588443dfde047e39e3ec144376624fe	1	1	NNGAC	124b1aa0b8dff8b9db26b87205207aa4a256143e91b658b7b8884ca6da5c3079
8	Lce	III	Lactobacillus ceti DSM 22408	1395	1395	NATGNT					bc117dfdf1873759228eed19f573e0a0f1e4b2e1f8b4f5939f015caba7566c5d	1	1	NATGNT	124b1aa0b8dff8b9db26b87205207aa4a256143e91b658b7b8884ca6da5c3079
9	Lrh	III	Lactobacillus_rhamnosus_LOCK900	1361	1361	N(T>V)NTAAW(A>T)					28965cf1d70e9f51a8957e700602259d2406667b88eeac32207a4d09cda8547c	1	1	N(T>V)NTAAW(A>T)	124b1aa0b8dff8b9db26b87205207aa4a256143e91b658b7b8884ca6da5c3079
10	Lsp1	III	Lactobacillus sp.	1365	1365	NNGW(A>T)AY(T>C)					edea62dd941cc948d38aff380a94fd596abd9b61aff3ff20d5b0beda416d31ed	1	1	NNGW(A>T)AY(T>C)	124b1aa0b8dff8b9db26b87205207aa4a256143e91b658b7b8884ca6da5c3079
11	Lsp2	III	Lactobacillus sp	1396	1396	NCAA(H(Y>A)B(Y>G)					e379160af7789a1944d2ddd5b1a848b9220029eae573fdd19396c8a4e1e78726	1	1	NCAA(H(Y>A)B(Y>G)	124b1aa0b8dff8b9db26b87205207aa4a256143e91b658b7b8884ca6da5c3079
12	Pac	III	Pediococcus acidilactici	1366	1366	NH(T>C>A)AAAA					e493d84aeb33c6d7bae26b831025a413e16697b05ce36c13eb5e4509a86911a0	1	1	NH(T>C>A)AAAA	124b1aa0b8dff8b9db26b87205207aa4a256143e91b658b7b8884ca6da5c3079
13	Tba	III	Tissierellia bacterium KA00581	1400	1400	NNNATTT					f8a9837e1568f748525003895bf798cd951dbe11ab314277ea91701fde70d7c0	1	1	NNNATTT	124b1aa0b8dff8b9db26b87205207aa4a256143e91b658b7b8884ca6da5c3079
14	Tde	III	Treponema_denticola_ATCC_35405	1395	1395	NAAAAY					a16cf6788a6dca8a92d07b7c23ad23cd3ee4fccbba55ff2f939d59c84edd5dcd	1	1	NAAAAY	124b1aa0b8dff8b9db26b87205207aa4a256143e91b658b7b8884ca6da5c3079
15	Tpu	III	Treponema putidum	1395	1395	NATAWN(A>T>S)					9c85bcba46afaa99af11eac5c4fb1938f9ce046e0d9d6e794d40695e7df933c8	1	1	NATAWN(A>T>S)	124b1aa0b8dff8b9db26b87205207aa4a256143e91b658b7b8884ca6da5c3079
16	Vpa	III	Veillonella parvula ATCC 17745	1398	1398	NATARCH					f8922100e093e8810c5609f2fbc03eeaa3ddcbc22e980e434ffd72f9d2420476	1	1	NATARCH	124b1aa0b8dff8b9db26b87205207aa4a256143e91b658b7b8884ca6da5c3079
17	Efa	IV	Enterococcus faecium	1340	1340	B(T>G>C)GGD(A>T>G)TNN					287c0b603efe8a8da97f91d16b39e97561e2b964c6d9bbc152657c12073387e4	1	1	B(T>G>C)GGD(A>T>G)TNN	124b1aa0b8dff8b9db26b87205207aa4a256143e91b658b7b8884ca6da5c3079
18	Eit	IV	Enterococcus italicus	1330	1330	N(G>T>M)GGAH(T>A>C)N(A>C>K)N					3e189553c28ea4649d29950256e3f44404961ba8dbe759107b02193d099e62c0	1	1	N(G>T>M)GGAH(T>A>C)N(A>C>K)N	124b1aa0b8dff8b9db26b87205207aa4a256143e91b658b7b8884ca6da5c3079
19	Lan	IV	Lactobacillus animalis KCTC 3501	1318	1318	NRG					0c71c063eb6d7037b36bcf452e822fae5a22c0396b00fc53234105db79b28c09	1	1	NRG	124b1aa0b8dff8b9db26b87205207aa4a256143e91b658b7b8884ca6da5c3079
20	Lmo	IV	Listeria monocytogenes	1345	1345	N(B>A)GG					177a25b53450d688968dcfc1ac0c612caaa64c4725cab08df8aa2b974a24dff5	1	1	N(B>A)GG	124b1aa0b8dff8b9db26b87205207aa4a256143e91b658b7b8884ca6da5c3079
21	Sag1	IV	Streptococcus agalactiae	1384	1384	NGG					1d6f13fa1c35fa75136d32ed3ab59c6abf20fbd68ef8d0096da4b52eead712f9	1	1	NGG	124b1aa0b8dff8b9db26b87205207aa4a256143e91b658b7b8884ca6da5c3079
22	Sag2	IV	Streptococcus_agalactiae_NEM316	1377	1377	NGGD(A>K)W(T>A)					7b669277d9fb5380d4602fc7df95a677e1b00c01c5cd89ac5ee2c990d5624b1e	1	1	NGGD(A>K)W(T>A)	124b1aa0b8dff8b9db26b87205207aa4a256143e91b658b7b8884ca6da5c3079
23	Sdy	IV	Streptococcus_dysgalactiae_subsp._equisimilis_AC-2713	1371	1371	NGGNG					2b476818e1648b6e158da808692b408c8a8d32f227ebeeb6f0f942f6ffff8f7b	1	1	NGGNG	124b1aa0b8dff8b9db26b87205207aa4a256143e91b658b7b8884ca6da5c3079
24	Seq1	IV	Streptococcus equinus	1375	1375	N(T>C>R)AGAN(A>K>C)NN					d34a6c58a16d77606b88dd239eea737a48773914e72f5159c0a6352a352ba2cf	1	1	N(T>C>R)AGAN(A>K>C)NN	124b1aa0b8dff8b9db26b87205207aa4a256143e91b658b7b8884ca6da5c3079
25	Seq2	IV	Streptococcus equi	1348	1348	NGG					e150df01b4273c8ee83568d4dd9bd89de59e60519a8efa6ff1205509ac2d48b9	1	1	NGG	124b1aa0b8dff8b9db26b87205207aa4a256143e91b658b7b8884ca6da5c3079
26	Sga	IV	Streptococcus_gallolyticus_subsp._gallolyticus_ATCC_43143	1371	1371	NGGD(A>T>G)H(T>M)					288587c9c8275c3c62c6384a1936c1970a5441a61cc8ee1e826eca4e2fd571f0	1	1	NGGD(A>T>G)H(T>M)	124b1aa0b8dff8b9db26b87205207aa4a256143e91b658b7b8884ca6da5c3079
27	Smu	IV	Streptococcus_mutans_GS-5	1345	1345	NGGDT					015684f1a67bb02c3f759f99ab1822b2ef811b260bff2b93cfb8e43344000626	1	1	NGGDT	124b1aa0b8dff8b9db26b87205207aa4a256143e91b658b7b8884ca6da5c3079
28	Sra	IV	Streptococcus ratti	1370	1370	NGGD(A>T>G)GNN					cf836190abbbbc49f49ecd6ddab66030d1e74e71d11a48f57496663299a19817	1	1	NGGD(A>T>G)GNN	124b1aa0b8dff8b9db26b87205207aa4a256143e91b658b7b8884ca6da5c3079
29	Bni	V	Bacillus niameyensis	1064	1064	NNGTAM(A>C)Y					daca60cdb58093d93f8965e6503fa713555e9ccf12c54be9a2b654af33c7ea88	1	1	NNGTAM(A>C)Y	124b1aa0b8dff8b9db26b87205207aa4a256143e91b658b7b8884ca6da5c3079
30	Ece	V	Enterococcus cecorum	1134	1134	NNGH(W>C)AAA					afcaed43f644527577f1b5939d5183de1b1aacc4b75d97b60206b3e8d4a283b1	1	1	NNGH(W>C)AAA	124b1aa0b8dff8b9db26b87205207aa4a256143e91b658b7b8884ca6da5c3079
31	Edo	V	Eubacterium dolichum	1091	1091	NTGAR(G>A)N(A>Y>G)N(Y>R)					4cc3633755bc8362a9102368c7c119267faa2fc0716e005d4900454b7e3b42d5	1	1	NTGAR(G>A)N(A>Y>G)N(Y>R)	124b1aa0b8dff8b9db26b87205207aa4a256143e91b658b7b8884ca6da5c3079
32	Fho	V	Facklamia hominis	1142	1142	NNGAAAN					d262e2b9bf0a39e2d9f941b8b85714de802c33f550f2859b3ce5fd8af2640b5e	1	1	NNGAAAN	124b1aa0b8dff8b9db26b87205207aa4a256143e91b658b7b8884ca6da5c3079
33	Mga	V	Mycoplasma_gallisepticum_CA06	1269	1269	NNGAD					57d093b9e8bfaf8aec76e9252bdc5a641aee78116a61bf1a87a066208ece74a5	1	1	NNGAD	124b1aa0b8dff8b9db26b87205207aa4a256143e91b658b7b8884ca6da5c3079
34	Mse	V	Massilibacterium senegalense	1063	1063	NHARMC					1774f4cc3dd83ba3c3c9f753c539b1af544b96ffe4c03ff9c167f88785ee86e6	1	1	NHARMC	124b1aa0b8dff8b9db26b87205207aa4a256143e91b658b7b8884ca6da5c3079
35	Sgo	V	Streptococcus_gordonii_str._Challis_substr._CH1	1136	1136	NNAAAG					a853688e03f32cb7d2d25914110ff0aa67f9d91c6338cb9b9b1ca288b6f84fb2	1	1	NNAAAG	124b1aa0b8dff8b9db26b87205207aa4a256143e91b658b7b8884ca6da5c3079
36	Sma2	V	Streptococcus macedonicus	1130	1130	NHGYNAN(A>B)					8f418315b38a5107184f62fe8cd6b1acbf757f5b0822d74a3191938628024989	1	1	NHGYNAN(A>B)	124b1aa0b8dff8b9db26b87205207aa4a256143e91b658b7b8884ca6da5c3079
37	Ssa	V	Streptococcus_salivarius_JIM8777	1127	1127	NNAGAAA					2a24a5d691d595d29b86d0a9cf4af55d22933bcdfd63fb0c13b927eba5fe23ff	1	1	NNAGAAA	124b1aa0b8dff8b9db26b87205207aa4a256143e91b658b7b8884ca6da5c3079
38	Ssi	V	Streptococcus sinensis	1122	1122	NHAAAAA					70e79ad6c8e7831fcd6931a4c80face0aaefa6a99bb37edf19b283260ab6b788	1	1	NHAAAAA	124b1aa0b8dff8b9db26b87205207aa4a256143e91b658b7b8884ca6da5c3079
39	Ssu	V	Streptococcus_suis_D9	1122	1122	NH(T>M)AAAAA					4279cd54d8f11ae08d642096991ddaaac3820bb4e53a733c659d9692dae395a3	1	1	NH(T>M)AAAAA	124b1aa0b8dff8b9db26b87205207aa4a256143e91b658b7b8884ca6da5c3079
40	Sth1A	V	Streptococcus_thermophilus_LMG_18311	1122	1122	NHGYRAA					f7263a92f476a88fcd2999f5f645c7eec121bad46093967f6ab83bcbf804dc8f	1	1	NHGYRAA	124b1aa0b8dff8b9db26b87205207aa4a256143e91b658b7b8884ca6da5c3079
41	Tsp	V	Turicibacter sp.	1107	1107	NNAAACN					be0f43868660313c56f6d44c2bad777df90f704267a001aa7a9571012819c909	1	1	NNAAACN	124b1aa0b8dff8b9db26b87205207aa4a256143e91b658b7b8884ca6da5c3079
42	Bok	VI	Bacillus okhensis	1074	1074	NN(H>G)D(A>K)GGDN(A>B)					38d8fd404de8f989b5a89a41e5c35b840ea60717b0bb7d8438f075e318134e05	1	1	NN(H>G)D(A>K)GGDN(A>B)	124b1aa0b8dff8b9db26b87205207aa4a256143e91b658b7b8884ca6da5c3079
43	Cco	VI	Campylobacter coli	1001	1001	NNNNCTA					ae316ea20416062f9f78001910ad3d3aabe72744a2b74e13992d2209e89a43ae	1	1	NNNNCTA	124b1aa0b8dff8b9db26b87205207aa4a256143e91b658b7b8884ca6da5c3079
44	Cpe	VI	Clostridium perfringens	1065	1065	NNNNCVGAa					798dc78b0546314fcc30e41f750148d75e0971558496a951ba4971dbf407d681	1	1	NNNNCVGAA	124b1aa0b8dff8b9db26b87205207aa4a256143e91b658b7b8884ca6da5c3079
45	Dde	VI	Dechloromonas denitrificans	1115	1115	NNNNGYAA					83891f5b6109d309ca01cc9ad7bb781429472e1cfed1950b274a883731e92d4e	1	1	NNNNGYAA	124b1aa0b8dff8b9db26b87205207aa4a256143e91b658b7b8884ca6da5c3079
46	Ghc2	VI	Geyser-Hotspring_Crystal_Geyser_Ga0065180_10000394_-_CRISPR-associated_protein,_Csn1_family_CDS_translation_Community_metagenome	978	978	NNNNATN(W>S)ANN	Groundwater microbial communities from aquifer in Utah, USA - Crystal Geyser 4/9/14 0.2 um filter	Ga0065180	10000394	https://gold.jgi.doe.gov/analysis_projects?id=Ga0065180	f346a8afe2ec1380ab3e6a17a7d893a82aa86a282ecab11ddca947c561f2b832	1	1	NNNNATN(W>S)ANN	124b1aa0b8dff8b9db26b87205207aa4a256143e91b658b7b8884ca6da5c3079
47	Ghy3	VI	Geyser-Hotspring_Yellowstone_Ga0078972_1020432_-_CRISPR-associated_protein,_Csn1_family_CDS_translation_Community_metagenome	972	972	NNWHR(G>A)TA(not G)AA	Hot spring thermophilic microbial communities from Obsidian Pool, Yellowstone National Park, USA - OP-RAMG-01	Ga0078972	1020432	https://gold.jgi.doe.gov/analysis_projects?id=Ga0078972	b23620aa2fda6a3ac5ad6f6c57352a4d5bbbf554f002b7b37fb14dff4832235f	1	1	NNWHR(G>A)TA(not G)AA	124b1aa0b8dff8b9db26b87205207aa4a256143e91b658b7b8884ca6da5c3079
48	Ghy4	VI	Geyser-Hotspring_Yellowstone_Ga0078972_1010018_-_CRISPR-associated_protein,_Csn1_family_CDS_translation_Community_metagenome	1046	1046	YHHNGTH	Hot spring thermophilic microbial communities from Obsidian Pool, Yellowstone National Park, USA - OP-RAMG-01	Ga0078972	1010018	https://gold.jgi.doe.gov/analysis_projects?id=Ga0078972	acdaa0527caf02fd6b34ec5383e012f59cf491d3d39aebc2d23a1bfdca06604b	1	1	YHHNGTH	124b1aa0b8dff8b9db26b87205207aa4a256143e91b658b7b8884ca6da5c3079
49	Gsp	VI	Geobacillus sp.	1087	1087	NNNNCDAANN					80ffb660ccd2a58e971a088795ca70888d80e16601bb5e898c073fe191133ae7	1	1	NNNNCDAANN	124b1aa0b8dff8b9db26b87205207aa4a256143e91b658b7b8884ca6da5c3079
50	Kki	VI	Kingella kingae	1060	1060	NNNNCTAA					c65122c5b0fbc67691698c1921a48e15ddcd67b1b2073fde7793a2a73a691caa	1	1	NNNNCTAA	124b1aa0b8dff8b9db26b87205207aa4a256143e91b658b7b8884ca6da5c3079
51	Nme2	VI	Neisseria meningitidis	1082	1082	NHDTCCA					73e5b4626f7c7b280f2f5abc15b510fcf633430f8efdb573fbe34cf3640ce706	1	1	NHDTCCA	124b1aa0b8dff8b9db26b87205207aa4a256143e91b658b7b8884ca6da5c3079
52	Nsp	VI	Neisseria sp.	1069	1069	N(C>D)NNTCCN					56a9c21ae99b3cd4652d15e135332b7a34a462d804351937d57c94d456e81529	1	1	N(C>D)NNTCCN	124b1aa0b8dff8b9db26b87205207aa4a256143e91b658b7b8884ca6da5c3079
53	Tmo	VI	Tistrella mobilis	1049	1049	NNNNCCAA					c0e5e76059012d6d8eeab74a6ae9189afbd1bf9a2920e05fbb8f45d154ce27ce	1	1	NNNNCCAA	124b1aa0b8dff8b9db26b87205207aa4a256143e91b658b7b8884ca6da5c3079
54	Nsa	VII	Nitratifractor salsuginis	1137	1137	NAGRGN(T>V)N(T>C)					4c84c88f2dcb62580322e2eb0afa30abebb5b8d9a0fd5fc12c6f0dbd84f049fb	1	1	NAGRGN(T>V)N(T>C)	124b1aa0b8dff8b9db26b87205207aa4a256143e91b658b7b8884ca6da5c3079
55	Jpa	VIII	Jejuia pallidilutea	1459	1459	NNAH(T>M)ACN					0ae0abb337d030d5eedf7aea4fbeabefd132f47c9ddc13c37dcb3ddace2e87bd	1	1	NNAH(T>M)ACN	124b1aa0b8dff8b9db26b87205207aa4a256143e91b658b7b8884ca6da5c3079
56	Rsp	VIII	Rikenellaceae sp.	1213	1213	NVNDCCY					7f21628e590a21e36bb76f3adac9ab2915210ee83a9b74c0ad73e8632a4bccaf	1	1	NVNDCCY	124b1aa0b8dff8b9db26b87205207aa4a256143e91b658b7b8884ca6da5c3079
57	Bbo	IX	Bifidobacterium bombi	1239	1239	CN(C>W>G)AV(A>S)GAC					4f4549e98f4465f9aad2e0698bed2d5497e5313d41acd80ef84f054b1a19d56a	1	1	CN(C>W>G)AV(A>S)GAC	124b1aa0b8dff8b9db26b87205207aa4a256143e91b658b7b8884ca6da5c3079
58	Cca2	IX	Corynebacterium camporealensis	1095	1095	NAR(G>A)H(W>C)H(A>T>C)GN(C>T>R)					abda1f3184c87050285d97bd76e562fae27e66802ddae7cb49b550b373c8adf3	1	1	NAR(G>A)H(W>C)H(A>T>C)GN(C>T>R)	124b1aa0b8dff8b9db26b87205207aa4a256143e91b658b7b8884ca6da5c3079
59	Cme2	IX	Compost_meta_-_Ga0079224_100072790_-_CRISPR-associated_protein,_Csn1_family_CDS_translation_Compost_meta	1008	1008	NAGNGC	Agricultural soil microbial communities from Utah to study Nitrogen management - Steer compost 2015	Ga0079224	100072790	https://gold.jgi.doe.gov/analysis_projects?id=Ga0079224	aa349a2b907ff7d8a3fc1949ad28deb9a7a8d0366b59869d6d120aed61de7963	1	1	NAGNGC	124b1aa0b8dff8b9db26b87205207aa4a256143e91b658b7b8884ca6da5c3079
60	Cme3	IX	Compost_meta_-_Ga0079224_100005449_-_CRISPR-associated_protein,_Csn1_family_CDS_translation_Compost_meta	1124	1124	NATCCTN	Agricultural soil microbial communities from Utah to study Nitrogen management - Steer compost 2015	Ga0079224	100005449	https://gold.jgi.doe.gov/analysis_projects?id=Ga0079224	4c44ab3ead0a1a19ae4b043c8839d947a594b275e657f2e88ee05c3c4e0b71f1	1	1	NATCCTN	124b1aa0b8dff8b9db26b87205207aa4a256143e91b658b7b8884ca6da5c3079
61	Cme4	IX	Compost_meta_-_JBEI_enrichment_Ga0065720_1018820_extraction_-_CRISPR-associated_protein,_Csn1_family_CDS_translation_Compost_meta	1029	1028	NNNCAT	Thermophilic microbial communities from the Joint Bioenergy Institute, California, USA of rice/straw/compost enrichment - eDNA_2	Ga0065720	1018820	https://gold.jgi.doe.gov/analysis_projects?id=Ga0065720	fc1035e5c20edf235c2af58a771d23465d98dc30852efd37c2df926d8cbe8031	1	1	NNNCAT	124b1aa0b8dff8b9db26b87205207aa4a256143e91b658b7b8884ca6da5c3079
62	Csa	IX	Caenispirillum salinarum	1442	1442	NGTGANN					29c23d0e2384ecc159f27213473b61aea9045f87afec92d6c02d0df01dce468b	1	1	NGTGANN	124b1aa0b8dff8b9db26b87205207aa4a256143e91b658b7b8884ca6da5c3079
63	Ghc1	IX	Geyser-Hotspring_Crystal_Geyser_Ga0051980_10014446_-_CRISPR-associated_protein,_Csn1_family_CDS_translation_Community_metagenome	1038	1037	HGCNGCR	Groundwater microbial communities from aquifer in Utah, USA - Crystal Geyser 4/9/14 0.2 um filter	Ga0065180	10014446	https://gold.jgi.doe.gov/analysis_projects?id=Ga0065180	7a93254422ba0c45155dac782ceb39d9a9667408910d3d4cc32cc5b84b3a1020	1	1	HGCNGCR	124b1aa0b8dff8b9db26b87205207aa4a256143e91b658b7b8884ca6da5c3079
64	Ghe	IX	Geyser-Hotspring_Elkhorn_Slough_mat_MD2A_Metagenome_JGI11876J14442_10007391_-_CRISPR-associated_protein,_Csn1_family_CDS_translation_Community_metagenome	1525	1525	NAR(A>G)W(T>A)AC	Hot spring microbial communities from Elkhorn Slough, Monterey Bay, USA - MD2A	Ga0011764		https://gold.jgi.doe.gov/analysis_projects?id=Ga0011764	9c28f032f266d41bd09f9f7a4e2f1539c65c74ec768b5f90c25b7e359c791255	1	1	NAR(A>G)W(T>A)AC	124b1aa0b8dff8b9db26b87205207aa4a256143e91b658b7b8884ca6da5c3079
65	Ghh1	IX	Geyser-Hotspring_Hotlake_UCC-LE_Ga0008833_1001252_-_CRISPR-associated_protein,_Csn1_family_CDS_translation_Community_metagenome	1094	1094	N(C>D)M(A>C)RN(A>B)AY(C>T)	Hypersaline microbial mat communities from Hot Lake, Washington, USA - Hot Lake Consortium UCC-LE	Ga0008833	1001252	https://gold.jgi.doe.gov/analysis_projects?id=Ga0008833	e27bdd2e94473107d44a49989c64c01c95df58c7f892537cabe6e6cee28529d7	1	1	N(C>D)M(A>C)RN(A>B)AY(C>T)	124b1aa0b8dff8b9db26b87205207aa4a256143e91b658b7b8884ca6da5c3079
66	Ghh2	IX	Geyser-Hotspring_Hot_Lake_UCC-SLE_Ga0008837_100633_-_CRISPR-associated_protein,_Csn1_family_CDS_translation_Community_metagenome	1037	1037	NNNCAC	Hypersaline microbial mat communities from Hot Lake, Washington, USA - Hot Lake Consortium UCC-SLE	Ga0008837	100633	https://gold.jgi.doe.gov/analysis_projects?id=Ga0008837	b341c4bb3394f804fc75620e4d12ade57624ecad7b4cb0ba08476e3a23d41afb	1	1	NNNCAC	124b1aa0b8dff8b9db26b87205207aa4a256143e91b658b7b8884ca6da5c3079
67	Ghy1	IX	Geyser-Hotspring_Yellowstone_Ga0078972_1025093_-_CRISPR-associated_protein,_Csn1_family_CDS_translation_Community_metagenome	1039	1039	BGGGTCD	Hot spring thermophilic microbial communities from Obsidian Pool, Yellowstone National Park, USA - OP-RAMG-01	Ga0078972	1025093	https://gold.jgi.doe.gov/analysis_projects?id=Ga0078972	27a79e01d110da51b9de9c76c5a833df3ba12cf078f562976b78b062fa2921b5	1	1	BGGGTCD	124b1aa0b8dff8b9db26b87205207aa4a256143e91b658b7b8884ca6da5c3079
68	Msc	IX	Mucispirillum schaedleri	1044	1044	NNRRCC					3276d723bef29d10088618261a4f5f2e676bb8961935b431eb2c376bacc7d33d	1	1	NNRRCC	124b1aa0b8dff8b9db26b87205207aa4a256143e91b658b7b8884ca6da5c3079
69	Sdo	IX	Sulfitobacter donghicola	1070	1070	NRRNTT					dbee0540d92282688b5cd47fd1a9e9cfd1087926af84cdb31b5b877cd1f78857	1	1	NRRNTT	124b1aa0b8dff8b9db26b87205207aa4a256143e91b658b7b8884ca6da5c3079
70	Spa	IX	Salinispira pacifica	1458	1458	KARDAT					d494d945e34badd909da9d83acab994d09033b8a7977589fb5513381e4d90c86	1	1	KARDAT	124b1aa0b8dff8b9db26b87205207aa4a256143e91b658b7b8884ca6da5c3079
71	Cca1	X	Capnocytophaga canis	1430	1430	BRTTTTT					a34258b8e275f150863559293ce3f7d2bd063da5354beed6a8718af718086865	1	1	BRTTTTT	124b1aa0b8dff8b9db26b87205207aa4a256143e91b658b7b8884ca6da5c3079
72	Cga	X	Chryseobacterium gallinarum	1403	1403	BRRTTTW					922f410b38838b556450d6779e4112f780d399827e49562a8abe08ec3c484788	1	1	BRRTTTW	124b1aa0b8dff8b9db26b87205207aa4a256143e91b658b7b8884ca6da5c3079
73	Cme1	X	Compost_meta_-_Ga0079224_100045232_-_CRISPR-associated_protein,_Csn1_family_CDS_translation_Compost_meta	1399	1399	NARNCCN	Agricultural soil microbial communities from Utah to study Nitrogen management - Steer compost 2015	Ga0079224	100045232	https://gold.jgi.doe.gov/analysis_projects?id=Ga0079224	f124f64689c4ccf45d3a3f1943f9438ea53549feb16faf5793818e0e5f89c50a	1	1	NARNCCN	124b1aa0b8dff8b9db26b87205207aa4a256143e91b658b7b8884ca6da5c3079
74	Ffr	X	Flavobacterium frigidarium	1345	1345	NAR(A>G)TC					78887fb6bc94e6de2d7af3367197fe58078dbd22d00d767871259061560c4a39	1	1	NAR(A>G)TC	124b1aa0b8dff8b9db26b87205207aa4a256143e91b658b7b8884ca6da5c3079
75	Ghy2	X	Geyser-Hotspring_Yellowstone_Ga0078972_1022257_-_CRISPR-associated_protein,_Csn1_family_CDS_translation_Community_metagenome	1354	1354	NAAN(A>T>S)RCN	Hot spring thermophilic microbial communities from Obsidian Pool, Yellowstone National Park, USA - OP-RAMG-01	Ga0078972	1022257	https://gold.jgi.doe.gov/analysis_projects?id=Ga0078972	21132268f8156623b99ab47b564aaa50ecde915301a6554efaa9130169a03b6d	1	1	NAAN(A>T>S)RCN	124b1aa0b8dff8b9db26b87205207aa4a256143e91b658b7b8884ca6da5c3079
76	Orh	X	Ornithobacterium rhinotracheale	1535	1535	NNAAAR(G>A)					1eb88a168ad66eb974f7575261d4de5744dae94ed5ed7ccdcc5ade11c313ca5b	1	1	NNAAAR(G>A)	124b1aa0b8dff8b9db26b87205207aa4a256143e91b658b7b8884ca6da5c3079
77	Phi	X	Prevotella histicola	1380	1380	NAR(G>A)HW>C)H(A>T>C)GN(C>T>R)					409a0ea0d66dc95f5a633f545a6c117e183eac245d7a69eef76d03a664b8d846	1	1	NAR(G>A)HW>C)H(A>T>C)GN(C>T>R)	124b1aa0b8dff8b9db26b87205207aa4a256143e91b658b7b8884ca6da5c3079
78	Psp	X	Parabacteroides sp.	1424	1424	NR(A>G)TTTT					c2f7cb5b21e24dc0244c60c7e7daf4a097078b9437ede5dd05ba81b694a2bb2e	1	1	NR(A>G)TTTT	124b1aa0b8dff8b9db26b87205207aa4a256143e91b658b7b8884ca6da5c3079
79	Wvi	X	Weeksella virosa	1440	1440	HHAAATD					962137bd7591834df80b86e259271fb3f942505ebaaf26c3ec7985fec92d369e	1	1	HHAAATD	124b1aa0b8dff8b9db26b87205207aa4a256143e91b658b7b8884ca6da5c3079
