chromosome_accession	subtype	ncbi_title	experimental_abbreviation	experimental_organism	experimental_pam	experimental_protein_sha256	cds_translation_count	exact_protein_matches	matched_cds_headers	curation_priority_points	effective_unique_hit_spacers	hit_rows	orientations	verification_status	fetch_error	cds_cache
HE613569.1	CAS-TypeIIC	Streptococcus macedonicus ACA-DC 198 main chromosome complete genome	Sma2	Streptococcus macedonicus	NHGYNAN(A>B)	8f418315b38a5107184f62fe8cd6b1acbf757f5b0822d74a3191938628024989	2192	0		70	43	43	reverse	protein_mismatch		data/raw/external_datasets/ncbi_species_only_cds_aa/HE613569.1.faa
LS483306.1	CAS-TypeIIC	Enterococcus cecorum strain NCTC12421 genome assembly, chromosome: 1	Ece	Enterococcus cecorum	NNGH(W>C)AAA	afcaed43f644527577f1b5939d5183de1b1aacc4b75d97b60206b3e8d4a283b1	2382	1	lcl|LS483306.1_prot_SQE54315.1_557 [locus_tag=NCTC12421_00602] [protein=CRISPR associated protein] [protein_id=SQE54315.1] [location=565262..568666] [gbkey=CDS]	63	33	33	forward	exact_protein		data/raw/external_datasets/ncbi_species_only_cds_aa/LS483306.1.faa
CP028149.1	CAS-TypeIIC	Clostridium perfringens strain JXJA17 chromosome, complete genome	Cpe	Clostridium perfringens	NNNNCVGAa	798dc78b0546314fcc30e41f750148d75e0971558496a951ba4971dbf407d681	2892	0		61	31	31	forward	protein_mismatch		data/raw/external_datasets/ncbi_species_only_cds_aa/CP028149.1.faa
CP007170.1	CAS-TypeIIA	Listeria monocytogenes serotype 1/2a str. 10-0812, complete genome	Lmo	Listeria monocytogenes	N(B>A)GG	177a25b53450d688968dcfc1ac0c612caaa64c4725cab08df8aa2b974a24dff5	2887	0		60	30	30	reverse	protein_mismatch		data/raw/external_datasets/ncbi_species_only_cds_aa/CP007170.1.faa
CP007171.1	CAS-TypeIIA	Listeria monocytogenes serotype 1/2a str. 10-0813, complete genome	Lmo	Listeria monocytogenes	N(B>A)GG	177a25b53450d688968dcfc1ac0c612caaa64c4725cab08df8aa2b974a24dff5	2884	0		60	30	30	reverse	protein_mismatch		data/raw/external_datasets/ncbi_species_only_cds_aa/CP007171.1.faa
CP007688.1	CAS-TypeIIA	Listeria monocytogenes strain L1846, complete genome	Lmo	Listeria monocytogenes	N(B>A)GG	177a25b53450d688968dcfc1ac0c612caaa64c4725cab08df8aa2b974a24dff5	2894	0		60	30	30	reverse	protein_mismatch		data/raw/external_datasets/ncbi_species_only_cds_aa/CP007688.1.faa
LR134282.1	CAS-TypeIIC	Streptococcus equinus strain NCTC8140 genome assembly, chromosome: 1	Seq1	Streptococcus equinus	N(T>C>R)AGAN(A>K>C)NN	d34a6c58a16d77606b88dd239eea737a48773914e72f5159c0a6352a352ba2cf	1761	0		60	30	30	reverse	protein_mismatch		data/raw/external_datasets/ncbi_species_only_cds_aa/LR134282.1.faa
LR594042.1	CAS-TypeIIC	Streptococcus equinus strain NCTC8133 genome assembly, chromosome: 1	Seq1	Streptococcus equinus	N(T>C>R)AGAN(A>K>C)NN	d34a6c58a16d77606b88dd239eea737a48773914e72f5159c0a6352a352ba2cf	1761	0		60	30	30	reverse	protein_mismatch		data/raw/external_datasets/ncbi_species_only_cds_aa/LR594042.1.faa
LT906436.1	CAS-TypeIIA	Listeria monocytogenes strain NCTC10357 genome assembly, chromosome: 1	Lmo	Listeria monocytogenes	N(B>A)GG	177a25b53450d688968dcfc1ac0c612caaa64c4725cab08df8aa2b974a24dff5	2756	0		60	30	30	reverse	protein_mismatch		data/raw/external_datasets/ncbi_species_only_cds_aa/LT906436.1.faa
CP002002.1	CAS-TypeIIA	Listeria monocytogenes 10403S, complete genome	Lmo	Listeria monocytogenes	N(B>A)GG	177a25b53450d688968dcfc1ac0c612caaa64c4725cab08df8aa2b974a24dff5	2814	0		59	29	29	reverse	protein_mismatch		data/raw/external_datasets/ncbi_species_only_cds_aa/CP002002.1.faa
CP007684.1	CAS-TypeIIA	Listeria monocytogenes strain L2626, complete genome	Lmo	Listeria monocytogenes	N(B>A)GG	177a25b53450d688968dcfc1ac0c612caaa64c4725cab08df8aa2b974a24dff5	2825	0		59	29	29	reverse	protein_mismatch		data/raw/external_datasets/ncbi_species_only_cds_aa/CP007684.1.faa
CP014261.1	CAS-TypeIIA	Listeria monocytogenes strain 2015TE19005-1355, complete genome	Lmo	Listeria monocytogenes	N(B>A)GG	177a25b53450d688968dcfc1ac0c612caaa64c4725cab08df8aa2b974a24dff5	2766	0		59	29	29	reverse	protein_mismatch		data/raw/external_datasets/ncbi_species_only_cds_aa/CP014261.1.faa
CP014790.1	CAS-TypeIIA	Listeria monocytogenes strain 2015TE24968 chromosome, complete genome	Lmo	Listeria monocytogenes	N(B>A)GG	177a25b53450d688968dcfc1ac0c612caaa64c4725cab08df8aa2b974a24dff5	2806	0		59	29	29	reverse	protein_mismatch		data/raw/external_datasets/ncbi_species_only_cds_aa/CP014790.1.faa
CP028392.1	CAS-TypeIIA	Listeria monocytogenes strain 2016TE2013 chromosome	Lmo	Listeria monocytogenes	N(B>A)GG	177a25b53450d688968dcfc1ac0c612caaa64c4725cab08df8aa2b974a24dff5	2861	0		59	29	29	reverse	protein_mismatch		data/raw/external_datasets/ncbi_species_only_cds_aa/CP028392.1.faa
CP028393.1	CAS-TypeIIA	Listeria monocytogenes strain 2016TE840-1-1 chromosome	Lmo	Listeria monocytogenes	N(B>A)GG	177a25b53450d688968dcfc1ac0c612caaa64c4725cab08df8aa2b974a24dff5	2861	0		59	29	29	reverse	protein_mismatch		data/raw/external_datasets/ncbi_species_only_cds_aa/CP028393.1.faa
CP028394.1	CAS-TypeIIA	Listeria monocytogenes strain 2016TE4965-1-1 chromosome	Lmo	Listeria monocytogenes	N(B>A)GG	177a25b53450d688968dcfc1ac0c612caaa64c4725cab08df8aa2b974a24dff5	2861	0		59	29	29	reverse	protein_mismatch		data/raw/external_datasets/ncbi_species_only_cds_aa/CP028394.1.faa
CP028395.1	CAS-TypeIIA	Listeria monocytogenes strain 2016TE4526-1-1 chromosome	Lmo	Listeria monocytogenes	N(B>A)GG	177a25b53450d688968dcfc1ac0c612caaa64c4725cab08df8aa2b974a24dff5	2861	0		59	29	29	reverse	protein_mismatch		data/raw/external_datasets/ncbi_species_only_cds_aa/CP028395.1.faa
CP028396.1	CAS-TypeIIA	Listeria monocytogenes strain 2016TE3773-1-1 chromosome	Lmo	Listeria monocytogenes	N(B>A)GG	177a25b53450d688968dcfc1ac0c612caaa64c4725cab08df8aa2b974a24dff5	2861	0		59	29	29	reverse	protein_mismatch		data/raw/external_datasets/ncbi_species_only_cds_aa/CP028396.1.faa
CP028397.1	CAS-TypeIIA	Listeria monocytogenes strain 2016TE3770-1-1 chromosome	Lmo	Listeria monocytogenes	N(B>A)GG	177a25b53450d688968dcfc1ac0c612caaa64c4725cab08df8aa2b974a24dff5	2861	0		59	29	29	reverse	protein_mismatch		data/raw/external_datasets/ncbi_species_only_cds_aa/CP028397.1.faa
CP028398.1	CAS-TypeIIA	Listeria monocytogenes strain 2016TE3767-1-1 chromosome	Lmo	Listeria monocytogenes	N(B>A)GG	177a25b53450d688968dcfc1ac0c612caaa64c4725cab08df8aa2b974a24dff5	2859	0		59	29	29	reverse	protein_mismatch		data/raw/external_datasets/ncbi_species_only_cds_aa/CP028398.1.faa
CP028399.1	CAS-TypeIIA	Listeria monocytogenes strain 2016TE3765-1-1 chromosome	Lmo	Listeria monocytogenes	N(B>A)GG	177a25b53450d688968dcfc1ac0c612caaa64c4725cab08df8aa2b974a24dff5	2861	0		59	29	29	reverse	protein_mismatch		data/raw/external_datasets/ncbi_species_only_cds_aa/CP028399.1.faa
CP028400.1	CAS-TypeIIA	Listeria monocytogenes strain 2016TE340 chromosome	Lmo	Listeria monocytogenes	N(B>A)GG	177a25b53450d688968dcfc1ac0c612caaa64c4725cab08df8aa2b974a24dff5	2861	0		59	29	29	reverse	protein_mismatch		data/raw/external_datasets/ncbi_species_only_cds_aa/CP028400.1.faa
CP028401.1	CAS-TypeIIA	Listeria monocytogenes strain 2016TE337 chromosome	Lmo	Listeria monocytogenes	N(B>A)GG	177a25b53450d688968dcfc1ac0c612caaa64c4725cab08df8aa2b974a24dff5	2861	0		59	29	29	reverse	protein_mismatch		data/raw/external_datasets/ncbi_species_only_cds_aa/CP028401.1.faa
CP028402.1	CAS-TypeIIA	Listeria monocytogenes strain 2016TE2143 chromosome	Lmo	Listeria monocytogenes	N(B>A)GG	177a25b53450d688968dcfc1ac0c612caaa64c4725cab08df8aa2b974a24dff5	2861	0		59	29	29	reverse	protein_mismatch		data/raw/external_datasets/ncbi_species_only_cds_aa/CP028402.1.faa
CP028403.1	CAS-TypeIIA	Listeria monocytogenes strain 2016TE1560 chromosome	Lmo	Listeria monocytogenes	N(B>A)GG	177a25b53450d688968dcfc1ac0c612caaa64c4725cab08df8aa2b974a24dff5	2861	0		59	29	29	reverse	protein_mismatch		data/raw/external_datasets/ncbi_species_only_cds_aa/CP028403.1.faa
CP028404.1	CAS-TypeIIA	Listeria monocytogenes strain 2015TE34286 chromosome	Lmo	Listeria monocytogenes	N(B>A)GG	177a25b53450d688968dcfc1ac0c612caaa64c4725cab08df8aa2b974a24dff5	2861	0		59	29	29	reverse	protein_mismatch		data/raw/external_datasets/ncbi_species_only_cds_aa/CP028404.1.faa
CP028405.1	CAS-TypeIIA	Listeria monocytogenes strain 2015TE24980 chromosome	Lmo	Listeria monocytogenes	N(B>A)GG	177a25b53450d688968dcfc1ac0c612caaa64c4725cab08df8aa2b974a24dff5	2817	0		59	29	29	reverse	protein_mismatch		data/raw/external_datasets/ncbi_species_only_cds_aa/CP028405.1.faa
CP028406.1	CAS-TypeIIA	Listeria monocytogenes strain 2015TE24968 chromosome	Lmo	Listeria monocytogenes	N(B>A)GG	177a25b53450d688968dcfc1ac0c612caaa64c4725cab08df8aa2b974a24dff5	2861	0		59	29	29	reverse	protein_mismatch		data/raw/external_datasets/ncbi_species_only_cds_aa/CP028406.1.faa
CP028407.1	CAS-TypeIIA	Listeria monocytogenes strain 2015TE22590 chromosome	Lmo	Listeria monocytogenes	N(B>A)GG	177a25b53450d688968dcfc1ac0c612caaa64c4725cab08df8aa2b974a24dff5	2860	0		59	29	29	reverse	protein_mismatch		data/raw/external_datasets/ncbi_species_only_cds_aa/CP028407.1.faa
CP028408.1	CAS-TypeIIA	Listeria monocytogenes strain 2015TE17781-9 chromosome	Lmo	Listeria monocytogenes	N(B>A)GG	177a25b53450d688968dcfc1ac0c612caaa64c4725cab08df8aa2b974a24dff5	2861	0		59	29	29	reverse	protein_mismatch		data/raw/external_datasets/ncbi_species_only_cds_aa/CP028408.1.faa
CP028409.1	CAS-TypeIIA	Listeria monocytogenes strain 2015TE17781-8 chromosome	Lmo	Listeria monocytogenes	N(B>A)GG	177a25b53450d688968dcfc1ac0c612caaa64c4725cab08df8aa2b974a24dff5	2860	0		59	29	29	reverse	protein_mismatch		data/raw/external_datasets/ncbi_species_only_cds_aa/CP028409.1.faa
CP028410.1	CAS-TypeIIA	Listeria monocytogenes strain 2015TE17781-7 chromosome	Lmo	Listeria monocytogenes	N(B>A)GG	177a25b53450d688968dcfc1ac0c612caaa64c4725cab08df8aa2b974a24dff5	2861	0		59	29	29	reverse	protein_mismatch		data/raw/external_datasets/ncbi_species_only_cds_aa/CP028410.1.faa
CP028411.1	CAS-TypeIIA	Listeria monocytogenes strain 2015TE17781-6 chromosome	Lmo	Listeria monocytogenes	N(B>A)GG	177a25b53450d688968dcfc1ac0c612caaa64c4725cab08df8aa2b974a24dff5	2861	0		59	29	29	reverse	protein_mismatch		data/raw/external_datasets/ncbi_species_only_cds_aa/CP028411.1.faa
CP028412.1	CAS-TypeIIA	Listeria monocytogenes strain 2015TE17781-5 chromosome	Lmo	Listeria monocytogenes	N(B>A)GG	177a25b53450d688968dcfc1ac0c612caaa64c4725cab08df8aa2b974a24dff5	2861	0		59	29	29	reverse	protein_mismatch		data/raw/external_datasets/ncbi_species_only_cds_aa/CP028412.1.faa
CP028413.1	CAS-TypeIIA	Listeria monocytogenes strain 2015TE17781-3 chromosome	Lmo	Listeria monocytogenes	N(B>A)GG	177a25b53450d688968dcfc1ac0c612caaa64c4725cab08df8aa2b974a24dff5	2861	0		59	29	29	reverse	protein_mismatch		data/raw/external_datasets/ncbi_species_only_cds_aa/CP028413.1.faa
CP029372.1	CAS-TypeIIA	Listeria monocytogenes strain 2018TE5305-1-4 chromosome, complete genome	Lmo	Listeria monocytogenes	N(B>A)GG	177a25b53450d688968dcfc1ac0c612caaa64c4725cab08df8aa2b974a24dff5	2860	0		59	29	29	reverse	protein_mismatch		data/raw/external_datasets/ncbi_species_only_cds_aa/CP029372.1.faa
CP031334.1	CAS-TypeIIC	Neisseria meningitidis strain M22293 chromosome, complete genome	Nme2	Neisseria meningitidis	NHDTCCA	73e5b4626f7c7b280f2f5abc15b510fcf633430f8efdb573fbe34cf3640ce706	0	0		48	28	28	forward	fetch_error	failed to fetch CDS FASTA for CP031334.1: NCBI response was not CDS FASTA	
CP007685.1	CAS-TypeIIA	Listeria monocytogenes strain L2676, complete genome	Lmo	Listeria monocytogenes	N(B>A)GG	177a25b53450d688968dcfc1ac0c612caaa64c4725cab08df8aa2b974a24dff5	2884	0		57	27	27	reverse	protein_mismatch		data/raw/external_datasets/ncbi_species_only_cds_aa/CP007685.1.faa
CP006594.1	CAS-TypeIIA	Listeria monocytogenes strain R2-502, complete genome	Lmo	Listeria monocytogenes	N(B>A)GG	177a25b53450d688968dcfc1ac0c612caaa64c4725cab08df8aa2b974a24dff5	2984	0		56	26	26	reverse	protein_mismatch		data/raw/external_datasets/ncbi_species_only_cds_aa/CP006594.1.faa
CP006597.1	CAS-TypeIIA	Listeria monocytogenes strain N1-011A, complete genome	Lmo	Listeria monocytogenes	N(B>A)GG	177a25b53450d688968dcfc1ac0c612caaa64c4725cab08df8aa2b974a24dff5	3059	0		56	26	26	reverse	protein_mismatch		data/raw/external_datasets/ncbi_species_only_cds_aa/CP006597.1.faa
FR720325.1	CAS-TypeIIA	Listeria monocytogenes serotype 7 str. SLCC2482 complete genome	Lmo	Listeria monocytogenes	N(B>A)GG	177a25b53450d688968dcfc1ac0c612caaa64c4725cab08df8aa2b974a24dff5	2874	0		56	26	26	reverse	protein_mismatch		data/raw/external_datasets/ncbi_species_only_cds_aa/FR720325.1.faa
FR733646.1	CAS-TypeIIA	Listeria monocytogenes strain SLCC2755, serotype 1/2b	Lmo	Listeria monocytogenes	N(B>A)GG	177a25b53450d688968dcfc1ac0c612caaa64c4725cab08df8aa2b974a24dff5	2877	0		56	26	26	reverse	protein_mismatch		data/raw/external_datasets/ncbi_species_only_cds_aa/FR733646.1.faa
CP007160.1	CAS-TypeIIA	Listeria monocytogenes WSLC1001, complete genome	Lmo	Listeria monocytogenes	N(B>A)GG	177a25b53450d688968dcfc1ac0c612caaa64c4725cab08df8aa2b974a24dff5	2916	0		55	25	25	reverse	protein_mismatch		data/raw/external_datasets/ncbi_species_only_cds_aa/CP007160.1.faa
FR733647.1	CAS-TypeIIA	Listeria monocytogenes strain SLCC5850, serotype 1/2a	Lmo	Listeria monocytogenes	N(B>A)GG	177a25b53450d688968dcfc1ac0c612caaa64c4725cab08df8aa2b974a24dff5	2866	0		55	25	25	reverse	protein_mismatch		data/raw/external_datasets/ncbi_species_only_cds_aa/FR733647.1.faa
LR134397.1	CAS-TypeIIA	Listeria monocytogenes strain NCTC7973 genome assembly, chromosome: 1	Lmo	Listeria monocytogenes	N(B>A)GG	177a25b53450d688968dcfc1ac0c612caaa64c4725cab08df8aa2b974a24dff5	2828	0		55	25	25	reverse	protein_mismatch		data/raw/external_datasets/ncbi_species_only_cds_aa/LR134397.1.faa
LR134400.1	CAS-TypeIIA	Listeria monocytogenes strain NCTC7974 genome assembly, plasmid: 3	Lmo	Listeria monocytogenes	N(B>A)GG	177a25b53450d688968dcfc1ac0c612caaa64c4725cab08df8aa2b974a24dff5	566	0		55	25	25	reverse	protein_mismatch		data/raw/external_datasets/ncbi_species_only_cds_aa/LR134400.1.faa
CP019979.1	CAS-TypeIIA	Streptococcus agalactiae strain Sag158 chromosome, complete genome	Sag1	Streptococcus agalactiae	NGG	1d6f13fa1c35fa75136d32ed3ab59c6abf20fbd68ef8d0096da4b52eead712f9	2086	0		54	24	24	forward	protein_mismatch		data/raw/external_datasets/ncbi_species_only_cds_aa/CP019979.1.faa
HG421741.1	CAS-TypeIIA	Listeria monocytogenes EGD, complete genome	Lmo	Listeria monocytogenes	N(B>A)GG	177a25b53450d688968dcfc1ac0c612caaa64c4725cab08df8aa2b974a24dff5	2848	0		54	24	24	reverse	protein_mismatch		data/raw/external_datasets/ncbi_species_only_cds_aa/HG421741.1.faa
LR134292.1	CAS-TypeIIC	Streptococcus equinus strain NCTC10389 genome assembly, chromosome: 1	Seq1	Streptococcus equinus	N(T>C>R)AGAN(A>K>C)NN	d34a6c58a16d77606b88dd239eea737a48773914e72f5159c0a6352a352ba2cf	1762	0		52	22	22	reverse	protein_mismatch		data/raw/external_datasets/ncbi_species_only_cds_aa/LR134292.1.faa
CP007631.2	CAS-TypeIIA	Streptococcus agalactiae strain NGBS061, complete genome	Sag1	Streptococcus agalactiae	NGG	1d6f13fa1c35fa75136d32ed3ab59c6abf20fbd68ef8d0096da4b52eead712f9	2102	0		51	21	21	forward	protein_mismatch		data/raw/external_datasets/ncbi_species_only_cds_aa/CP007631.2.faa
CP021770.1	CAS-TypeIIA	Streptococcus agalactiae strain B508 chromosome, complete genome	Sag1	Streptococcus agalactiae	NGG	1d6f13fa1c35fa75136d32ed3ab59c6abf20fbd68ef8d0096da4b52eead712f9	2164	0		51	21	21	forward	protein_mismatch		data/raw/external_datasets/ncbi_species_only_cds_aa/CP021770.1.faa
CP015206.1	CAS-TypeIIA	Pediococcus acidilactici strain ZPA017, complete genome	Pac	Pediococcus acidilactici	NH(T>C>A)AAAA	e493d84aeb33c6d7bae26b831025a413e16697b05ce36c13eb5e4509a86911a0	1959	0		50	20	20	forward	protein_mismatch		data/raw/external_datasets/ncbi_species_only_cds_aa/CP015206.1.faa
CP020774.1	CAS-TypeIIA	Listeria monocytogenes strain H34 chromosome, complete genome	Lmo	Listeria monocytogenes	N(B>A)GG	177a25b53450d688968dcfc1ac0c612caaa64c4725cab08df8aa2b974a24dff5	2823	0		50	20	20	reverse	protein_mismatch		data/raw/external_datasets/ncbi_species_only_cds_aa/CP020774.1.faa
CP008903.1	CAS-TypeIIC	Geobacillus sp. LC300, complete genome	Gsp	Geobacillus sp.	NNNNCDAANN	80ffb660ccd2a58e971a088795ca70888d80e16601bb5e898c073fe191133ae7	2825	0		49	19	19	forward	protein_mismatch		data/raw/external_datasets/ncbi_species_only_cds_aa/CP008903.1.faa
CP017025.1	CAS-TypeIIC	Campylobacter coli strain 14983A, complete sequence	Cco	Campylobacter coli	NNNNCTA	ae316ea20416062f9f78001910ad3d3aabe72744a2b74e13992d2209e89a43ae	1761	0		38	18	18	forward	protein_mismatch		data/raw/external_datasets/ncbi_species_only_cds_aa/CP017025.1.faa
CP020831.1	CAS-TypeIIA	Listeria monocytogenes strain PNUSAL000144 chromosome, complete genome	Lmo	Listeria monocytogenes	N(B>A)GG	177a25b53450d688968dcfc1ac0c612caaa64c4725cab08df8aa2b974a24dff5	2859	0		48	18	18	reverse	protein_mismatch		data/raw/external_datasets/ncbi_species_only_cds_aa/CP020831.1.faa
AP018935.1	CAS-TypeIIA	Streptococcus agalactiae HU-GS5823 DNA, complete genome	Sag1	Streptococcus agalactiae	NGG	1d6f13fa1c35fa75136d32ed3ab59c6abf20fbd68ef8d0096da4b52eead712f9	2136	0		47	17	17	forward	protein_mismatch		data/raw/external_datasets/ncbi_species_only_cds_aa/AP018935.1.faa
CP002001.1	CAS-TypeIIA	Listeria monocytogenes J0161, complete genome	Lmo	Listeria monocytogenes	N(B>A)GG	177a25b53450d688968dcfc1ac0c612caaa64c4725cab08df8aa2b974a24dff5	2955	0		47	17	17	reverse	protein_mismatch		data/raw/external_datasets/ncbi_species_only_cds_aa/CP002001.1.faa
CP010062.1	CAS-TypeIIA	Enterococcus cecorum strain CE2 genome	Ece	Enterococcus cecorum	NNGH(W>C)AAA	afcaed43f644527577f1b5939d5183de1b1aacc4b75d97b60206b3e8d4a283b1	0	0		47	17	17	forward	fetch_error	failed to fetch CDS FASTA for CP010062.1: NCBI response was not CDS FASTA	
CP019617.1	CAS-TypeIIA	Listeria monocytogenes strain 10-092876-0055 LM4, complete genome	Lmo	Listeria monocytogenes	N(B>A)GG	177a25b53450d688968dcfc1ac0c612caaa64c4725cab08df8aa2b974a24dff5	3000	0		47	17	17	reverse	protein_mismatch		data/raw/external_datasets/ncbi_species_only_cds_aa/CP019617.1.faa
CP009557.1	CAS-TypeIIC	Clostridium perfringens strain FORC_003, complete genome	Cpe	Clostridium perfringens	NNNNCVGAa	798dc78b0546314fcc30e41f750148d75e0971558496a951ba4971dbf407d681	2889	0		46	16	16	forward	protein_mismatch		data/raw/external_datasets/ncbi_species_only_cds_aa/CP009557.1.faa
CP010059.1	CAS-TypeIIA	Enterococcus cecorum strain CE1 genome	Ece	Enterococcus cecorum	NNGH(W>C)AAA	afcaed43f644527577f1b5939d5183de1b1aacc4b75d97b60206b3e8d4a283b1	0	0		46	16	16	forward	fetch_error	failed to fetch CDS FASTA for CP010059.1: NCBI response was not CDS FASTA	
CP021769.1	CAS-TypeIIA	Streptococcus agalactiae strain B509 chromosome, complete genome	Sag1	Streptococcus agalactiae	NGG	1d6f13fa1c35fa75136d32ed3ab59c6abf20fbd68ef8d0096da4b52eead712f9	2031	0		46	16	16	reverse	protein_mismatch		data/raw/external_datasets/ncbi_species_only_cds_aa/CP021769.1.faa
CP028183.1	CAS-TypeIIA	Listeria monocytogenes strain CFSAN054109 chromosome, complete genome	Lmo	Listeria monocytogenes	N(B>A)GG	177a25b53450d688968dcfc1ac0c612caaa64c4725cab08df8aa2b974a24dff5	3068	0		46	16	16	reverse	protein_mismatch		data/raw/external_datasets/ncbi_species_only_cds_aa/CP028183.1.faa
FR774048.1	CAS-TypeIIC	Neisseria meningitidis WUE 2594 complete genome	Nme2	Neisseria meningitidis	NHDTCCA	73e5b4626f7c7b280f2f5abc15b510fcf633430f8efdb573fbe34cf3640ce706	2070	0		36	16	16	forward	protein_mismatch		data/raw/external_datasets/ncbi_species_only_cds_aa/FR774048.1.faa
LR134512.1	CAS-TypeIIA	Streptococcus agalactiae strain NCTC13949 genome assembly, chromosome: 1	Sag1	Streptococcus agalactiae	NGG	1d6f13fa1c35fa75136d32ed3ab59c6abf20fbd68ef8d0096da4b52eead712f9	1932	0		46	16	16	forward	protein_mismatch		data/raw/external_datasets/ncbi_species_only_cds_aa/LR134512.1.faa
CM001469.1	CAS-TypeIIA	Listeria monocytogenes FSL J1-208 chromosome, whole genome shotgun sequence	Lmo	Listeria monocytogenes	N(B>A)GG	177a25b53450d688968dcfc1ac0c612caaa64c4725cab08df8aa2b974a24dff5	2765	0		45	15	15	reverse	protein_mismatch		data/raw/external_datasets/ncbi_species_only_cds_aa/CM001469.1.faa
CP007524.1	CAS-TypeIIC	Neisseria meningitidis strain 510612, complete genome	Nme2	Neisseria meningitidis	NHDTCCA	73e5b4626f7c7b280f2f5abc15b510fcf633430f8efdb573fbe34cf3640ce706	2461	0		35	15	15	forward	protein_mismatch		data/raw/external_datasets/ncbi_species_only_cds_aa/CP007524.1.faa
CP013476.1	CAS-TypeIIC	Turicibacter sp. H121, complete genome	Tsp	Turicibacter sp.	NNAAACN	be0f43868660313c56f6d44c2bad777df90f704267a001aa7a9571012819c909	2240	1	lcl|CP013476.1_prot_AMC08573.1_1116 [locus_tag=AT726_06425] [protein=hypothetical protein] [protein_id=AMC08573.1] [location=1343564..1346887] [gbkey=CDS]	45	15	15	forward	exact_protein		data/raw/external_datasets/ncbi_species_only_cds_aa/CP013476.1.faa
CP013722.1	CAS-TypeIIA	Listeria monocytogenes strain Lm 3163, complete genome	Lmo	Listeria monocytogenes	N(B>A)GG	177a25b53450d688968dcfc1ac0c612caaa64c4725cab08df8aa2b974a24dff5	2828	0		45	15	15	forward	protein_mismatch		data/raw/external_datasets/ncbi_species_only_cds_aa/CP013722.1.faa
CP031328.1	CAS-TypeIIC	Neisseria meningitidis strain M18755 chromosome, complete genome	Nme2	Neisseria meningitidis	NHDTCCA	73e5b4626f7c7b280f2f5abc15b510fcf633430f8efdb573fbe34cf3640ce706	0	0		35	15	15	forward	fetch_error	failed to fetch CDS FASTA for CP031328.1: NCBI response was not CDS FASTA	
CP031332.1	CAS-TypeIIC	Neisseria meningitidis strain M22814 chromosome, complete genome	Nme2	Neisseria meningitidis	NHDTCCA	73e5b4626f7c7b280f2f5abc15b510fcf633430f8efdb573fbe34cf3640ce706	0	0		35	15	15	forward	fetch_error	failed to fetch CDS FASTA for CP031332.1: NCBI response was not CDS FASTA	
CP040504.1	CAS-TypeIIC	Neisseria sp. oral taxon 014 str. F0314 chromosome	Nsp	Neisseria sp.	N(C>D)NNTCCN	56a9c21ae99b3cd4652d15e135332b7a34a462d804351937d57c94d456e81529	0	0		35	15	15	forward	fetch_error	failed to fetch CDS FASTA for CP040504.1: <urlopen error timed out>	
LR134520.1	CAS-TypeIIA	Streptococcus agalactiae strain NCTC13947 genome assembly, chromosome: 1	Sag1	Streptococcus agalactiae	NGG	1d6f13fa1c35fa75136d32ed3ab59c6abf20fbd68ef8d0096da4b52eead712f9	2013	0		45	15	15	reverse	protein_mismatch		data/raw/external_datasets/ncbi_species_only_cds_aa/LR134520.1.faa
LS483393.1	CAS-TypeIIC	Clostridium perfringens strain NCTC13170 genome assembly, chromosome: 1	Cpe	Clostridium perfringens	NNNNCVGAa	798dc78b0546314fcc30e41f750148d75e0971558496a951ba4971dbf407d681	2878	0		45	15	15	forward	protein_mismatch		data/raw/external_datasets/ncbi_species_only_cds_aa/LS483393.1.faa
CP011329.1	CAS-TypeIIA	Streptococcus agalactiae strain H002, complete genome	Sag1	Streptococcus agalactiae	NGG	1d6f13fa1c35fa75136d32ed3ab59c6abf20fbd68ef8d0096da4b52eead712f9	2013	0		44	14	14	forward	protein_mismatch		data/raw/external_datasets/ncbi_species_only_cds_aa/CP011329.1.faa
CP012392.1	CAS-TypeIIC	Neisseria meningitidis strain DE10444, complete genome	Nme2	Neisseria meningitidis	NHDTCCA	73e5b4626f7c7b280f2f5abc15b510fcf633430f8efdb573fbe34cf3640ce706	2044	1	lcl|CP012392.1_prot_ANW90221.1_1692 [locus_tag=DE10444_1739] [protein=hypothetical protein] [protein_id=ANW90221.1] [location=1805076..1808324] [gbkey=CDS]	34	14	14	forward	exact_protein		data/raw/external_datasets/ncbi_species_only_cds_aa/CP012392.1.faa
FM999788.1	CAS-TypeIIC	Neisseria meningitidis 8013, complete genome	Nme2	Neisseria meningitidis	NHDTCCA	73e5b4626f7c7b280f2f5abc15b510fcf633430f8efdb573fbe34cf3640ce706	2126	0		34	14	14	reverse	protein_mismatch		data/raw/external_datasets/ncbi_species_only_cds_aa/FM999788.1.faa
FR733645.1	CAS-TypeIIA	Listeria monocytogenes strain SLCC2540, serotype 3b	Lmo	Listeria monocytogenes	N(B>A)GG	177a25b53450d688968dcfc1ac0c612caaa64c4725cab08df8aa2b974a24dff5	2907	0		44	14	14	reverse	protein_mismatch		data/raw/external_datasets/ncbi_species_only_cds_aa/FR733645.1.faa
LS483354.1	CAS-TypeIIA	Streptococcus equi subsp. zooepidemicus strain NCTC11606 genome assembly, chromosome: 1	Seq2	Streptococcus equi	NGG	e150df01b4273c8ee83568d4dd9bd89de59e60519a8efa6ff1205509ac2d48b9	1854	1	lcl|LS483354.1_prot_SQF54345.1_1268 [gene=csn1] [locus_tag=NCTC11606_01336] [protein=CRISPR-Associated Protein Csn1] [protein_id=SQF54345.1] [location=complement(1409507..1413553)] [gbkey=CDS]	44	14	14	reverse	exact_protein		data/raw/external_datasets/ncbi_species_only_cds_aa/LS483354.1.faa
CP007181.1	CAS-TypeIIC	Campylobacter coli RM4661, complete genome	Cco	Campylobacter coli	NNNNCTA	ae316ea20416062f9f78001910ad3d3aabe72744a2b74e13992d2209e89a43ae	1806	0		43	13	13	reverse	protein_mismatch		data/raw/external_datasets/ncbi_species_only_cds_aa/CP007181.1.faa
CP016391.1	CAS-TypeIIA	Streptococcus agalactiae strain FWL1402, complete genome	Sag1	Streptococcus agalactiae	NGG	1d6f13fa1c35fa75136d32ed3ab59c6abf20fbd68ef8d0096da4b52eead712f9	2027	0		43	13	13	forward	protein_mismatch		data/raw/external_datasets/ncbi_species_only_cds_aa/CP016391.1.faa
CP020402.2	CAS-TypeIIC	Neisseria meningitidis strain FDAARGOS_215 chromosome, complete genome	Nme2	Neisseria meningitidis	NHDTCCA	73e5b4626f7c7b280f2f5abc15b510fcf633430f8efdb573fbe34cf3640ce706	2654	0		33	13	13	forward	protein_mismatch		data/raw/external_datasets/ncbi_species_only_cds_aa/CP020402.2.faa
CP020422.2	CAS-TypeIIC	Neisseria meningitidis strain FDAARGOS_211 chromosome, complete genome	Nme2	Neisseria meningitidis	NHDTCCA	73e5b4626f7c7b280f2f5abc15b510fcf633430f8efdb573fbe34cf3640ce706	2655	0		33	13	13	forward	protein_mismatch		data/raw/external_datasets/ncbi_species_only_cds_aa/CP020422.2.faa
CP020438.2	CAS-TypeIIC	Streptococcus equinus strain FDAARGOS_251 chromosome, complete genome	Seq1	Streptococcus equinus	N(T>C>R)AGAN(A>K>C)NN	d34a6c58a16d77606b88dd239eea737a48773914e72f5159c0a6352a352ba2cf	1966	0		43	13	13	forward	protein_mismatch		data/raw/external_datasets/ncbi_species_only_cds_aa/CP020438.2.faa
CP031556.1	CAS-TypeIIA	Streptococcus agalactiae strain Sag27 chromosome, complete genome	Sag1	Streptococcus agalactiae	NGG	1d6f13fa1c35fa75136d32ed3ab59c6abf20fbd68ef8d0096da4b52eead712f9	2229	0		43	13	13	forward	protein_mismatch		data/raw/external_datasets/ncbi_species_only_cds_aa/CP031556.1.faa
LR134526.1	CAS-TypeIIC	Neisseria meningitidis strain NCTC10026 genome assembly, chromosome: 1	Nme2	Neisseria meningitidis	NHDTCCA	73e5b4626f7c7b280f2f5abc15b510fcf633430f8efdb573fbe34cf3640ce706	2135	0		33	13	13	forward	protein_mismatch		data/raw/external_datasets/ncbi_species_only_cds_aa/LR134526.1.faa
AE009948.1	CAS-TypeIIA	Streptococcus agalactiae 2603V/R, complete genome	Sag1	Streptococcus agalactiae	NGG	1d6f13fa1c35fa75136d32ed3ab59c6abf20fbd68ef8d0096da4b52eead712f9	2124	0		42	12	12	forward	protein_mismatch		data/raw/external_datasets/ncbi_species_only_cds_aa/AE009948.1.faa
CP001129.1	CAS-TypeIIA	Streptococcus equi subsp. zooepidemicus MGCS10565, complete genome	Seq2	Streptococcus equi	NGG	e150df01b4273c8ee83568d4dd9bd89de59e60519a8efa6ff1205509ac2d48b9	1893	1	lcl|CP001129.1_prot_ACG62666.1_1279 [gene=csn1] [locus_tag=Sez_1330] [protein=CRISPR-Associated Protein Csn1] [protein_id=ACG62666.1] [location=complement(1369339..1373385)] [gbkey=CDS]	42	12	12	reverse	exact_protein		data/raw/external_datasets/ncbi_species_only_cds_aa/CP001129.1.faa
CP008813.1	CAS-TypeIIA	Streptococcus agalactiae strain C001, complete genome	Sag1	Streptococcus agalactiae	NGG	1d6f13fa1c35fa75136d32ed3ab59c6abf20fbd68ef8d0096da4b52eead712f9	2008	0		42	12	12	forward	protein_mismatch		data/raw/external_datasets/ncbi_species_only_cds_aa/CP008813.1.faa
CP012694.1	CAS-TypeIIC	Neisseria meningitidis strain 331401, complete genome	Nme2	Neisseria meningitidis	NHDTCCA	73e5b4626f7c7b280f2f5abc15b510fcf633430f8efdb573fbe34cf3640ce706	2115	0		32	12	12	forward	protein_mismatch		data/raw/external_datasets/ncbi_species_only_cds_aa/CP012694.1.faa
CP015593.1	CAS-TypeIIA	Listeria monocytogenes strain ICDC-LM188, complete genome	Lmo	Listeria monocytogenes	N(B>A)GG	177a25b53450d688968dcfc1ac0c612caaa64c4725cab08df8aa2b974a24dff5	2893	0		42	12	12	reverse	protein_mismatch		data/raw/external_datasets/ncbi_species_only_cds_aa/CP015593.1.faa
CP019615.1	CAS-TypeIIA	Listeria monocytogenes strain 10-092876-0168, complete genome	Lmo	Listeria monocytogenes	N(B>A)GG	177a25b53450d688968dcfc1ac0c612caaa64c4725cab08df8aa2b974a24dff5	3104	0		42	12	12	forward	protein_mismatch		data/raw/external_datasets/ncbi_species_only_cds_aa/CP019615.1.faa
CP020833.1	CAS-TypeIIA	Listeria monocytogenes strain CFSAN004330 chromosome, complete genome	Lmo	Listeria monocytogenes	N(B>A)GG	177a25b53450d688968dcfc1ac0c612caaa64c4725cab08df8aa2b974a24dff5	2944	0		42	12	12	reverse	protein_mismatch		data/raw/external_datasets/ncbi_species_only_cds_aa/CP020833.1.faa
CP022754.1	CAS-TypeIIC	Parabacteroides sp. CT06 chromosome, complete genome	Psp	Parabacteroides sp.	NR(A>G)TTTT	c2f7cb5b21e24dc0244c60c7e7daf4a097078b9437ede5dd05ba81b694a2bb2e	4512	1	lcl|CP022754.1_prot_AST54157.1_2487 [gene=cas9] [locus_tag=CI960_12750] [protein=type II CRISPR RNA-guided endonuclease Cas9] [protein_id=AST54157.1] [location=complement(2948421..2952695)] [gbkey=CDS]	42	12	12	forward	exact_protein		data/raw/external_datasets/ncbi_species_only_cds_aa/CP022754.1.faa
CP025222.1	CAS-TypeIIA	Listeria monocytogenes strain ATCC 51775 chromosome, complete genome	Lmo	Listeria monocytogenes	N(B>A)GG	177a25b53450d688968dcfc1ac0c612caaa64c4725cab08df8aa2b974a24dff5	2974	0		42	12	12	reverse	protein_mismatch		data/raw/external_datasets/ncbi_species_only_cds_aa/CP025222.1.faa
CP035151.1	CAS-TypeIIA	Pediococcus acidilactici strain SRCM103367 chromosome, complete genome	Pac	Pediococcus acidilactici	NH(T>C>A)AAAA	e493d84aeb33c6d7bae26b831025a413e16697b05ce36c13eb5e4509a86911a0	1749	0		42	12	12	forward	protein_mismatch		data/raw/external_datasets/ncbi_species_only_cds_aa/CP035151.1.faa
HF952106.1	CAS-TypeIIA	Streptococcus agalactiae ILRI112 complete genome	Sag1	Streptococcus agalactiae	NGG	1d6f13fa1c35fa75136d32ed3ab59c6abf20fbd68ef8d0096da4b52eead712f9	2073	0		42	12	12	forward	protein_mismatch		data/raw/external_datasets/ncbi_species_only_cds_aa/HF952106.1.faa
LR134522.1	CAS-TypeIIC	Neisseria meningitidis strain NCTC3372 genome assembly, chromosome: 1	Nme2	Neisseria meningitidis	NHDTCCA	73e5b4626f7c7b280f2f5abc15b510fcf633430f8efdb573fbe34cf3640ce706	2058	0		32	12	12	forward	protein_mismatch		data/raw/external_datasets/ncbi_species_only_cds_aa/LR134522.1.faa
LS483342.1	CAS-TypeIIA	Streptococcus agalactiae strain NCTC11930 genome assembly, chromosome: 1	Sag1	Streptococcus agalactiae	NGG	1d6f13fa1c35fa75136d32ed3ab59c6abf20fbd68ef8d0096da4b52eead712f9	1986	0		42	12	12	reverse	protein_mismatch		data/raw/external_datasets/ncbi_species_only_cds_aa/LS483342.1.faa
CP000114.1	CAS-TypeIIA	Streptococcus agalactiae A909, complete genome	Sag1	Streptococcus agalactiae	NGG	1d6f13fa1c35fa75136d32ed3ab59c6abf20fbd68ef8d0096da4b52eead712f9	1996	0		41	11	11	forward	protein_mismatch		data/raw/external_datasets/ncbi_species_only_cds_aa/CP000114.1.faa
CP006910.1	CAS-TypeIIA	Streptococcus agalactiae CNCTC 10/84, complete genome	Sag1	Streptococcus agalactiae	NGG	1d6f13fa1c35fa75136d32ed3ab59c6abf20fbd68ef8d0096da4b52eead712f9	1944	0		31	11	11	forward	protein_mismatch		data/raw/external_datasets/ncbi_species_only_cds_aa/CP006910.1.faa
CP016646.1	CAS-TypeIIC	Neisseria meningitidis strain M22819, complete genome	Nme2	Neisseria meningitidis	NHDTCCA	73e5b4626f7c7b280f2f5abc15b510fcf633430f8efdb573fbe34cf3640ce706	2200	0		31	11	11	forward	protein_mismatch		data/raw/external_datasets/ncbi_species_only_cds_aa/CP016646.1.faa
CP016647.1	CAS-TypeIIC	Neisseria meningitidis strain M22809, complete genome	Nme2	Neisseria meningitidis	NHDTCCA	73e5b4626f7c7b280f2f5abc15b510fcf633430f8efdb573fbe34cf3640ce706	2208	0		31	11	11	forward	protein_mismatch		data/raw/external_datasets/ncbi_species_only_cds_aa/CP016647.1.faa
CP016654.1	CAS-TypeIIC	Neisseria meningitidis strain M22811, complete genome	Nme2	Neisseria meningitidis	NHDTCCA	73e5b4626f7c7b280f2f5abc15b510fcf633430f8efdb573fbe34cf3640ce706	2212	0		31	11	11	forward	protein_mismatch		data/raw/external_datasets/ncbi_species_only_cds_aa/CP016654.1.faa
CP016671.1	CAS-TypeIIC	Neisseria meningitidis strain M22783, complete genome	Nme2	Neisseria meningitidis	NHDTCCA	73e5b4626f7c7b280f2f5abc15b510fcf633430f8efdb573fbe34cf3640ce706	2201	0		31	11	11	forward	protein_mismatch		data/raw/external_datasets/ncbi_species_only_cds_aa/CP016671.1.faa
CP016672.1	CAS-TypeIIC	Neisseria meningitidis strain M22828, complete genome	Nme2	Neisseria meningitidis	NHDTCCA	73e5b4626f7c7b280f2f5abc15b510fcf633430f8efdb573fbe34cf3640ce706	2197	0		31	11	11	reverse	protein_mismatch		data/raw/external_datasets/ncbi_species_only_cds_aa/CP016672.1.faa
CP016680.1	CAS-TypeIIC	Neisseria meningitidis strain M22822, complete genome	Nme2	Neisseria meningitidis	NHDTCCA	73e5b4626f7c7b280f2f5abc15b510fcf633430f8efdb573fbe34cf3640ce706	2207	0		31	11	11	reverse	protein_mismatch		data/raw/external_datasets/ncbi_species_only_cds_aa/CP016680.1.faa
CP016883.1	CAS-TypeIIC	Neisseria meningitidis strain M22790 genome	Nme2	Neisseria meningitidis	NHDTCCA	73e5b4626f7c7b280f2f5abc15b510fcf633430f8efdb573fbe34cf3640ce706	2203	0		31	11	11	forward	protein_mismatch		data/raw/external_datasets/ncbi_species_only_cds_aa/CP016883.1.faa
CP021772.1	CAS-TypeIIA	Streptococcus agalactiae strain B111 chromosome, complete genome	Sag1	Streptococcus agalactiae	NGG	1d6f13fa1c35fa75136d32ed3ab59c6abf20fbd68ef8d0096da4b52eead712f9	2122	0		41	11	11	forward	protein_mismatch		data/raw/external_datasets/ncbi_species_only_cds_aa/CP021772.1.faa
CP021870.1	CAS-TypeIIA	Streptococcus agalactiae strain SG-M4 chromosome, complete genome	Sag1	Streptococcus agalactiae	NGG	1d6f13fa1c35fa75136d32ed3ab59c6abf20fbd68ef8d0096da4b52eead712f9	2029	0		31	11	11	forward	protein_mismatch		data/raw/external_datasets/ncbi_species_only_cds_aa/CP021870.1.faa
CP025221.1	CAS-TypeIIA	Listeria monocytogenes strain PIR00543 chromosome, complete genome	Lmo	Listeria monocytogenes	N(B>A)GG	177a25b53450d688968dcfc1ac0c612caaa64c4725cab08df8aa2b974a24dff5	2971	0		41	11	11	reverse	protein_mismatch		data/raw/external_datasets/ncbi_species_only_cds_aa/CP025221.1.faa
CP029175.1	CAS-TypeIIA	Listeria monocytogenes strain NCCP 15743 chromosome, complete genome	Lmo	Listeria monocytogenes	N(B>A)GG	177a25b53450d688968dcfc1ac0c612caaa64c4725cab08df8aa2b974a24dff5	2882	0		41	11	11	reverse	protein_mismatch		data/raw/external_datasets/ncbi_species_only_cds_aa/CP029175.1.faa
CP033438.1	CAS-TypeIIA	Pediococcus acidilactici strain ATCC 8042 chromosome, complete genome	Pac	Pediococcus acidilactici	NH(T>C>A)AAAA	e493d84aeb33c6d7bae26b831025a413e16697b05ce36c13eb5e4509a86911a0	0	0		31	11	11	reverse	fetch_error	failed to fetch CDS FASTA for CP033438.1: <urlopen error timed out>	
LR134528.1	CAS-TypeIIC	Neisseria meningitidis strain NCTC12163 genome assembly, chromosome: 1	Nme2	Neisseria meningitidis	NHDTCCA	73e5b4626f7c7b280f2f5abc15b510fcf633430f8efdb573fbe34cf3640ce706	2097	0		31	11	11	forward	protein_mismatch		data/raw/external_datasets/ncbi_species_only_cds_aa/LR134528.1.faa
LS483387.1	CAS-TypeIIA	Streptococcus agalactiae strain NCTC8187 genome assembly, chromosome: 1	Sag1	Streptococcus agalactiae	NGG	1d6f13fa1c35fa75136d32ed3ab59c6abf20fbd68ef8d0096da4b52eead712f9	1977	0		31	11	11	forward	protein_mismatch		data/raw/external_datasets/ncbi_species_only_cds_aa/LS483387.1.faa
CP006593.1	CAS-TypeIIA	Listeria monocytogenes strain J2-031, complete genome	Lmo	Listeria monocytogenes	N(B>A)GG	177a25b53450d688968dcfc1ac0c612caaa64c4725cab08df8aa2b974a24dff5	2924	0		30	10	10	forward	protein_mismatch		data/raw/external_datasets/ncbi_species_only_cds_aa/CP006593.1.faa
CP010874.1	CAS-TypeIIA	Streptococcus agalactiae strain CU_GBS_08 chromosome, complete genome	Sag1	Streptococcus agalactiae	NGG	1d6f13fa1c35fa75136d32ed3ab59c6abf20fbd68ef8d0096da4b52eead712f9	2051	0		40	10	10	forward	protein_mismatch		data/raw/external_datasets/ncbi_species_only_cds_aa/CP010874.1.faa
CP018900.1	CAS-TypeIIC	Campylobacter coli strain YH502 chromosome, complete genome	Cco	Campylobacter coli	NNNNCTA	ae316ea20416062f9f78001910ad3d3aabe72744a2b74e13992d2209e89a43ae	1732	0		30	10	10	reverse	protein_mismatch		data/raw/external_datasets/ncbi_species_only_cds_aa/CP018900.1.faa
CP019978.1	CAS-TypeIIA	Streptococcus agalactiae strain Sag37 chromosome, complete genome	Sag1	Streptococcus agalactiae	NGG	1d6f13fa1c35fa75136d32ed3ab59c6abf20fbd68ef8d0096da4b52eead712f9	2188	0		30	10	10	forward	protein_mismatch		data/raw/external_datasets/ncbi_species_only_cds_aa/CP019978.1.faa
CP020401.2	CAS-TypeIIC	Neisseria meningitidis strain FDAARGOS_214 chromosome, complete genome	Nme2	Neisseria meningitidis	NHDTCCA	73e5b4626f7c7b280f2f5abc15b510fcf633430f8efdb573fbe34cf3640ce706	2767	0		30	10	10	forward	protein_mismatch		data/raw/external_datasets/ncbi_species_only_cds_aa/CP020401.2.faa
CP021867.1	CAS-TypeIIA	Streptococcus agalactiae strain SG-M25 chromosome, complete genome	Sag1	Streptococcus agalactiae	NGG	1d6f13fa1c35fa75136d32ed3ab59c6abf20fbd68ef8d0096da4b52eead712f9	2210	0		40	10	10	forward	protein_mismatch		data/raw/external_datasets/ncbi_species_only_cds_aa/CP021867.1.faa
CP021868.1	CAS-TypeIIA	Streptococcus agalactiae strain SG-M8 chromosome, complete genome	Sag1	Streptococcus agalactiae	NGG	1d6f13fa1c35fa75136d32ed3ab59c6abf20fbd68ef8d0096da4b52eead712f9	2133	0		40	10	10	forward	protein_mismatch		data/raw/external_datasets/ncbi_species_only_cds_aa/CP021868.1.faa
CP035154.1	CAS-TypeIIA	Pediococcus acidilactici strain SRCM103387 chromosome, complete genome	Pac	Pediococcus acidilactici	NH(T>C>A)AAAA	e493d84aeb33c6d7bae26b831025a413e16697b05ce36c13eb5e4509a86911a0	1913	0		40	10	10	forward	protein_mismatch		data/raw/external_datasets/ncbi_species_only_cds_aa/CP035154.1.faa
AL732656.1	CAS-TypeIIA	Streptococcus agalactiae NEM316 complete genome	Sag1	Streptococcus agalactiae	NGG	1d6f13fa1c35fa75136d32ed3ab59c6abf20fbd68ef8d0096da4b52eead712f9	2134	0		29	9	9	forward	protein_mismatch		data/raw/external_datasets/ncbi_species_only_cds_aa/AL732656.1.faa
CP007199.1	CAS-TypeIIA	Listeria monocytogenes serotype 1/2a str. 10-0933, complete genome	Lmo	Listeria monocytogenes	N(B>A)GG	177a25b53450d688968dcfc1ac0c612caaa64c4725cab08df8aa2b974a24dff5	2795	0		39	9	9	reverse	protein_mismatch		data/raw/external_datasets/ncbi_species_only_cds_aa/CP007199.1.faa
CP007200.1	CAS-TypeIIA	Listeria monocytogenes serotype 1/2a str. 10-0934, complete genome	Lmo	Listeria monocytogenes	N(B>A)GG	177a25b53450d688968dcfc1ac0c612caaa64c4725cab08df8aa2b974a24dff5	2797	0		39	9	9	reverse	protein_mismatch		data/raw/external_datasets/ncbi_species_only_cds_aa/CP007200.1.faa
CP010875.1	CAS-TypeIIA	Streptococcus agalactiae strain CU_GBS_98, complete genome	Sag1	Streptococcus agalactiae	NGG	1d6f13fa1c35fa75136d32ed3ab59c6abf20fbd68ef8d0096da4b52eead712f9	1976	0		39	9	9	forward	protein_mismatch		data/raw/external_datasets/ncbi_species_only_cds_aa/CP010875.1.faa
CP012419.2	CAS-TypeIIA	Streptococcus agalactiae strain SG-M1, complete genome	Sag1	Streptococcus agalactiae	NGG	1d6f13fa1c35fa75136d32ed3ab59c6abf20fbd68ef8d0096da4b52eead712f9	2037	0		39	9	9	forward	protein_mismatch		data/raw/external_datasets/ncbi_species_only_cds_aa/CP012419.2.faa
CP018763.1	CAS-TypeIIA	Pediococcus acidilactici strain BCC1 chromosome, complete genome	Pac	Pediococcus acidilactici	NH(T>C>A)AAAA	e493d84aeb33c6d7bae26b831025a413e16697b05ce36c13eb5e4509a86911a0	1993	0		29	9	9	forward	protein_mismatch		data/raw/external_datasets/ncbi_species_only_cds_aa/CP018763.1.faa
CP020832.1	CAS-TypeIIA	Listeria monocytogenes strain PNUSAL000096 chromosome, complete genome	Lmo	Listeria monocytogenes	N(B>A)GG	177a25b53450d688968dcfc1ac0c612caaa64c4725cab08df8aa2b974a24dff5	2868	0		29	9	9	forward	protein_mismatch		data/raw/external_datasets/ncbi_species_only_cds_aa/CP020832.1.faa
CP021863.1	CAS-TypeIIA	Streptococcus agalactiae strain SG-M163 chromosome, complete genome	Sag1	Streptococcus agalactiae	NGG	1d6f13fa1c35fa75136d32ed3ab59c6abf20fbd68ef8d0096da4b52eead712f9	2113	0		39	9	9	forward	protein_mismatch		data/raw/external_datasets/ncbi_species_only_cds_aa/CP021863.1.faa
CP021864.1	CAS-TypeIIA	Streptococcus agalactiae strain SG-M158 chromosome, complete genome	Sag1	Streptococcus agalactiae	NGG	1d6f13fa1c35fa75136d32ed3ab59c6abf20fbd68ef8d0096da4b52eead712f9	2113	0		39	9	9	forward	protein_mismatch		data/raw/external_datasets/ncbi_species_only_cds_aa/CP021864.1.faa
CP021865.1	CAS-TypeIIA	Streptococcus agalactiae strain SG-M50 chromosome, complete genome	Sag1	Streptococcus agalactiae	NGG	1d6f13fa1c35fa75136d32ed3ab59c6abf20fbd68ef8d0096da4b52eead712f9	2112	0		39	9	9	forward	protein_mismatch		data/raw/external_datasets/ncbi_species_only_cds_aa/CP021865.1.faa
CP021866.1	CAS-TypeIIA	Streptococcus agalactiae strain SG-M29 chromosome, complete genome	Sag1	Streptococcus agalactiae	NGG	1d6f13fa1c35fa75136d32ed3ab59c6abf20fbd68ef8d0096da4b52eead712f9	2113	0		39	9	9	forward	protein_mismatch		data/raw/external_datasets/ncbi_species_only_cds_aa/CP021866.1.faa
CP021869.1	CAS-TypeIIA	Streptococcus agalactiae strain SG-M6 chromosome, complete genome	Sag1	Streptococcus agalactiae	NGG	1d6f13fa1c35fa75136d32ed3ab59c6abf20fbd68ef8d0096da4b52eead712f9	2084	0		29	9	9	forward	protein_mismatch		data/raw/external_datasets/ncbi_species_only_cds_aa/CP021869.1.faa
CP025027.1	CAS-TypeIIA	Streptococcus agalactiae strain SGEHI2015-107 chromosome, complete genome	Sag1	Streptococcus agalactiae	NGG	1d6f13fa1c35fa75136d32ed3ab59c6abf20fbd68ef8d0096da4b52eead712f9	2014	0		39	9	9	forward	protein_mismatch		data/raw/external_datasets/ncbi_species_only_cds_aa/CP025027.1.faa
CP025028.1	CAS-TypeIIA	Streptococcus agalactiae strain SGEHI2015-95 chromosome, complete genome	Sag1	Streptococcus agalactiae	NGG	1d6f13fa1c35fa75136d32ed3ab59c6abf20fbd68ef8d0096da4b52eead712f9	2140	0		39	9	9	forward	protein_mismatch		data/raw/external_datasets/ncbi_species_only_cds_aa/CP025028.1.faa
LT635479.1	CAS-TypeIIA	Eubacterium sp. Marseille-P3177 strain Marseille-P3177T genome assembly, chromosome: contig00001	Esp2	Eubacterium sp.	NV(A>G>C)R(A>G)ACCN	adf35b6834d1c75403ede1fe45670b869a8ce25a796929df53333f668adc937b	0	0		29	9	9	reverse	fetch_error	failed to fetch CDS FASTA for LT635479.1: NCBI response was not CDS FASTA	
CP002455.1	CAS-TypeIIC	Weeksella virosa DSM 16922, complete genome	Wvi	Weeksella virosa	HHAAATD	962137bd7591834df80b86e259271fb3f942505ebaaf26c3ec7985fec92d369e	2049	1	lcl|CP002455.1_prot_ADX68541.1_1812 [locus_tag=Weevi_1853] [protein=CRISPR-associated protein, Csn1 family] [protein_id=ADX68541.1] [location=complement(1978292..1982614)] [gbkey=CDS]	28	8	8	forward	exact_protein		data/raw/external_datasets/ncbi_species_only_cds_aa/CP002455.1.faa
CP017871.1	CAS-TypeIIC	Campylobacter coli strain BP3183 chromosome, complete genome	Cco	Campylobacter coli	NNNNCTA	ae316ea20416062f9f78001910ad3d3aabe72744a2b74e13992d2209e89a43ae	1724	0		28	8	8	forward	protein_mismatch		data/raw/external_datasets/ncbi_species_only_cds_aa/CP017871.1.faa
CP021862.1	CAS-TypeIIA	Streptococcus agalactiae strain CUGBS591 chromosome, complete genome	Sag1	Streptococcus agalactiae	NGG	1d6f13fa1c35fa75136d32ed3ab59c6abf20fbd68ef8d0096da4b52eead712f9	2223	0		28	8	8	forward	protein_mismatch		data/raw/external_datasets/ncbi_species_only_cds_aa/CP021862.1.faa
CP025029.1	CAS-TypeIIA	Streptococcus agalactiae strain SGEHI2015-25 chromosome, complete genome	Sag1	Streptococcus agalactiae	NGG	1d6f13fa1c35fa75136d32ed3ab59c6abf20fbd68ef8d0096da4b52eead712f9	2067	0		38	8	8	forward	protein_mismatch		data/raw/external_datasets/ncbi_species_only_cds_aa/CP025029.1.faa
LT714196.1	CAS-TypeIIA	Streptococcus agalactiae isolate BM110 genome assembly, chromosome: I	Sag1	Streptococcus agalactiae	NGG	1d6f13fa1c35fa75136d32ed3ab59c6abf20fbd68ef8d0096da4b52eead712f9	2167	0		28	8	8	forward	protein_mismatch		data/raw/external_datasets/ncbi_species_only_cds_aa/LT714196.1.faa
AL157959.1	CAS-TypeIIC	Neisseria meningitidis serogroup A strain Z2491 complete genome	Nme2	Neisseria meningitidis	NHDTCCA	73e5b4626f7c7b280f2f5abc15b510fcf633430f8efdb573fbe34cf3640ce706	1993	0		27	7	7	forward	protein_mismatch		data/raw/external_datasets/ncbi_species_only_cds_aa/AL157959.1.faa
CP003810.1	CAS-TypeIIA	Streptococcus agalactiae GD201008-001, complete genome	Sag1	Streptococcus agalactiae	NGG	1d6f13fa1c35fa75136d32ed3ab59c6abf20fbd68ef8d0096da4b52eead712f9	1964	0		37	7	7	forward	protein_mismatch		data/raw/external_datasets/ncbi_species_only_cds_aa/CP003810.1.faa
CP010319.1	CAS-TypeIIA	Streptococcus agalactiae strain GBS85147, complete genome	Sag1	Streptococcus agalactiae	NGG	1d6f13fa1c35fa75136d32ed3ab59c6abf20fbd68ef8d0096da4b52eead712f9	1915	0		37	7	7	forward	protein_mismatch		data/raw/external_datasets/ncbi_species_only_cds_aa/CP010319.1.faa
CP011325.1	CAS-TypeIIA	Streptococcus agalactiae strain HN016, complete genome	Sag1	Streptococcus agalactiae	NGG	1d6f13fa1c35fa75136d32ed3ab59c6abf20fbd68ef8d0096da4b52eead712f9	1943	0		37	7	7	forward	protein_mismatch		data/raw/external_datasets/ncbi_species_only_cds_aa/CP011325.1.faa
CP011326.1	CAS-TypeIIA	Streptococcus agalactiae strain YM001 genome	Sag1	Streptococcus agalactiae	NGG	1d6f13fa1c35fa75136d32ed3ab59c6abf20fbd68ef8d0096da4b52eead712f9	1929	0		37	7	7	forward	protein_mismatch		data/raw/external_datasets/ncbi_species_only_cds_aa/CP011326.1.faa
CP011327.1	CAS-TypeIIA	Streptococcus agalactiae strain GX064 genome	Sag1	Streptococcus agalactiae	NGG	1d6f13fa1c35fa75136d32ed3ab59c6abf20fbd68ef8d0096da4b52eead712f9	1940	0		37	7	7	forward	protein_mismatch		data/raw/external_datasets/ncbi_species_only_cds_aa/CP011327.1.faa
CP012480.1	CAS-TypeIIA	Streptococcus agalactiae strain NGBS128, complete genome	Sag1	Streptococcus agalactiae	NGG	1d6f13fa1c35fa75136d32ed3ab59c6abf20fbd68ef8d0096da4b52eead712f9	1912	0		27	7	7	forward	protein_mismatch		data/raw/external_datasets/ncbi_species_only_cds_aa/CP012480.1.faa
CP016660.1	CAS-TypeIIC	Neisseria meningitidis strain M22804, complete genome	Nme2	Neisseria meningitidis	NHDTCCA	73e5b4626f7c7b280f2f5abc15b510fcf633430f8efdb573fbe34cf3640ce706	2199	0		27	7	7	reverse	protein_mismatch		data/raw/external_datasets/ncbi_species_only_cds_aa/CP016660.1.faa
CP016682.1	CAS-TypeIIC	Neisseria meningitidis strain M24705, complete genome	Nme2	Neisseria meningitidis	NHDTCCA	73e5b4626f7c7b280f2f5abc15b510fcf633430f8efdb573fbe34cf3640ce706	2199	0		27	7	7	reverse	protein_mismatch		data/raw/external_datasets/ncbi_species_only_cds_aa/CP016682.1.faa
CP017875.1	CAS-TypeIIC	Campylobacter coli strain ZV1224 chromosome, complete genome	Cco	Campylobacter coli	NNNNCTA	ae316ea20416062f9f78001910ad3d3aabe72744a2b74e13992d2209e89a43ae	1868	0		17	7	7	forward|reverse	protein_mismatch		data/raw/external_datasets/ncbi_species_only_cds_aa/CP017875.1.faa
CP020420.2	CAS-TypeIIC	Neisseria meningitidis strain FDAARGOS_209 chromosome, complete genome	Nme2	Neisseria meningitidis	NHDTCCA	73e5b4626f7c7b280f2f5abc15b510fcf633430f8efdb573fbe34cf3640ce706	2491	0		27	7	7	reverse	protein_mismatch		data/raw/external_datasets/ncbi_species_only_cds_aa/CP020420.2.faa
CP025026.1	CAS-TypeIIA	Streptococcus agalactiae strain SGEHI2015-113 chromosome, complete genome	Sag1	Streptococcus agalactiae	NGG	1d6f13fa1c35fa75136d32ed3ab59c6abf20fbd68ef8d0096da4b52eead712f9	2050	0		37	7	7	forward	protein_mismatch		data/raw/external_datasets/ncbi_species_only_cds_aa/CP025026.1.faa
CP025281.1	CAS-TypeIIC	Campylobacter coli strain YH503 chromosome, complete genome	Cco	Campylobacter coli	NNNNCTA	ae316ea20416062f9f78001910ad3d3aabe72744a2b74e13992d2209e89a43ae	1735	0		27	7	7	reverse	protein_mismatch		data/raw/external_datasets/ncbi_species_only_cds_aa/CP025281.1.faa
CP026367.1	CAS-TypeIIC	Sulfitobacter donghicola strain SB1155 chromosome, complete genome	Sdo	Sulfitobacter donghicola	NRRNTT	dbee0540d92282688b5cd47fd1a9e9cfd1087926af84cdb31b5b877cd1f78857	2314	0		27	7	7	reverse	protein_mismatch		data/raw/external_datasets/ncbi_species_only_cds_aa/CP026367.1.faa
CP028187.1	CAS-TypeIIC	Campylobacter coli strain CFSAN054106 chromosome, complete genome	Cco	Campylobacter coli	NNNNCTA	ae316ea20416062f9f78001910ad3d3aabe72744a2b74e13992d2209e89a43ae	1962	0		27	7	13	forward	protein_mismatch		data/raw/external_datasets/ncbi_species_only_cds_aa/CP028187.1.faa
CP034315.1	CAS-TypeIIA	Streptococcus agalactiae strain TFJ0901 chromosome, complete genome	Sag1	Streptococcus agalactiae	NGG	1d6f13fa1c35fa75136d32ed3ab59c6abf20fbd68ef8d0096da4b52eead712f9	2054	0		37	7	7	forward	protein_mismatch		data/raw/external_datasets/ncbi_species_only_cds_aa/CP034315.1.faa
HF952104.1	CAS-TypeIIA	Streptococcus agalactiae 09mas018883 complete genome	Sag1	Streptococcus agalactiae	NGG	1d6f13fa1c35fa75136d32ed3ab59c6abf20fbd68ef8d0096da4b52eead712f9	2089	0		37	7	7	forward	protein_mismatch		data/raw/external_datasets/ncbi_species_only_cds_aa/HF952104.1.faa
LR134525.1	CAS-TypeIIC	Neisseria meningitidis strain NCTC10025 genome assembly, chromosome: 1	Nme2	Neisseria meningitidis	NHDTCCA	73e5b4626f7c7b280f2f5abc15b510fcf633430f8efdb573fbe34cf3640ce706	2071	0		27	7	7	reverse	protein_mismatch		data/raw/external_datasets/ncbi_species_only_cds_aa/LR134525.1.faa
CP002422.1	CAS-TypeIIC	Neisseria meningitidis M01-240355, complete genome	Nme2	Neisseria meningitidis	NHDTCCA	73e5b4626f7c7b280f2f5abc15b510fcf633430f8efdb573fbe34cf3640ce706	2023	0		26	6	6	reverse	protein_mismatch		data/raw/external_datasets/ncbi_species_only_cds_aa/CP002422.1.faa
CP007687.1	CAS-TypeIIA	Listeria monocytogenes strain L2625, complete genome	Lmo	Listeria monocytogenes	N(B>A)GG	177a25b53450d688968dcfc1ac0c612caaa64c4725cab08df8aa2b974a24dff5	2817	0		36	6	6	reverse	protein_mismatch		data/raw/external_datasets/ncbi_species_only_cds_aa/CP007687.1.faa
CP019621.1	CAS-TypeIIA	Listeria monocytogenes strain 10-092876-1235 LM8, complete genome	Lmo	Listeria monocytogenes	N(B>A)GG	177a25b53450d688968dcfc1ac0c612caaa64c4725cab08df8aa2b974a24dff5	2960	0		36	6	6	reverse	protein_mismatch		data/raw/external_datasets/ncbi_species_only_cds_aa/CP019621.1.faa
CP000381.1	CAS-TypeIIC	Neisseria meningitidis 053442, complete genome	Nme2	Neisseria meningitidis	NHDTCCA	73e5b4626f7c7b280f2f5abc15b510fcf633430f8efdb573fbe34cf3640ce706	2020	0		25	5	5	forward	protein_mismatch		data/raw/external_datasets/ncbi_species_only_cds_aa/CP000381.1.faa
CP002452.1	CAS-TypeIIC	Nitratifractor salsuginis DSM 16511, complete genome	Nsa	Nitratifractor salsuginis	NAGRGN(T>V)N(T>C)	4c84c88f2dcb62580322e2eb0afa30abebb5b8d9a0fd5fc12c6f0dbd84f049fb	2088	0		25	5	5	forward	protein_mismatch		data/raw/external_datasets/ncbi_species_only_cds_aa/CP002452.1.faa
CP025471.1	CAS-TypeIIA	Pediococcus acidilactici strain PB22 chromosome, complete genome	Pac	Pediococcus acidilactici	NH(T>C>A)AAAA	e493d84aeb33c6d7bae26b831025a413e16697b05ce36c13eb5e4509a86911a0	1827	0		25	5	5	forward	protein_mismatch		data/raw/external_datasets/ncbi_species_only_cds_aa/CP025471.1.faa
HG939456.1	CAS-TypeIIA	Streptococcus agalactiae, strain COH1, complete genome	Sag1	Streptococcus agalactiae	NGG	1d6f13fa1c35fa75136d32ed3ab59c6abf20fbd68ef8d0096da4b52eead712f9	2003	0		25	5	5	forward	protein_mismatch		data/raw/external_datasets/ncbi_species_only_cds_aa/HG939456.1.faa
LR134404.1	CAS-TypeIIC	Weeksella virosa strain NCTC11634 genome assembly, chromosome: 1	Wvi	Weeksella virosa	HHAAATD	962137bd7591834df80b86e259271fb3f942505ebaaf26c3ec7985fec92d369e	2130	1	lcl|LR134404.1_prot_VEH63800.1_1052 [locus_tag=NCTC11634_01094] [protein=Uncharacterized protein conserved in bacteria] [protein_id=VEH63800.1] [location=1125481..1129803] [gbkey=CDS]	25	5	5	reverse	exact_protein		data/raw/external_datasets/ncbi_species_only_cds_aa/LR134404.1.faa
