system_id	tier	evaluation_role	spacer_evidence_track	protein_training_exposure	strict_independent_eligible	candidate_count	mapped_unique_spacers	orientation_pass	protein_only_coverage	protein_only_mrr	protein_only_recall_at_1	protein_only_recall_at_3	protein_only_recall_at_5	spacer_only_coverage	spacer_only_mrr	spacer_only_recall_at_1	spacer_only_recall_at_3	spacer_only_recall_at_5	fusion_coverage	fusion_mrr	fusion_recall_at_1	fusion_recall_at_3	fusion_recall_at_5	family_prior_coverage	family_prior_mrr	family_prior_recall_at_1	family_prior_recall_at_3	family_prior_recall_at_5
spcas9-pampredict-example	engineering_regression	development_regression	paired_evidence	exact	False	64	37	True	1.0	1.0	1.0	1.0	1.0	1.0	1.0	1.0	1.0	1.0	1.0	1.0	1.0	1.0	1.0	1.0	1.0	1.0	1.0	1.0
sp7f7-published-flanks	retrospective_biological	development_regression	published_flanks	near	False	64	7	True	1.0	1.0	1.0	1.0	1.0	1.0	1.0	1.0	1.0	1.0	1.0	1.0	1.0	1.0	1.0					
nme-m22809-published-flanks	retrospective_biological	development_regression	published_flanks	exact	False	65536	11	True	1.0	0.06666666666666667	0.0	0.0	0.0	1.0	0.3333333333333333	0.0	1.0	1.0	0.0	0.0	0.0	0.0	0.0					
cj-nctc11168-published-flanks	retrospective_biological	development_regression	published_flanks	exact	False	65536	2	True	1.0	0.06666666666666667	0.0	0.0	0.0	0.0	0.0	0.0	0.0	0.0	0.0	0.0	0.0	0.0	0.0					
tde-atcc35405-published-flanks	retrospective_biological	retrospective_holdout_2026_09_24	published_flanks	exact	False	4096	31	True	1.0	0.25	0.0	0.0	1.0	1.0	0.5	0.0	1.0	1.0	0.0	0.0	0.0	0.0	0.0					
sgo-challis-ch1-published-flanks	retrospective_biological	retrospective_holdout_2026_09_24	published_flanks	exact	False	4096	25	True	1.0	1.0	1.0	1.0	1.0	1.0	1.0	1.0	1.0	1.0	1.0	1.0	1.0	1.0	1.0					
sth1a-lmg18311-published-flanks	retrospective_biological	retrospective_holdout_2026_09_24	published_flanks	exact	False	16384	23	True	1.0	1.0	1.0	1.0	1.0	1.0	1.0	1.0	1.0	1.0	0.0	0.0	0.0	0.0	0.0					
ain-ryc-mr95-published-flanks	retrospective_biological	retrospective_expansion_2026_09_24	published_flanks	exact	False	1024	27	True	1.0	1.0	1.0	1.0	1.0	1.0	0.5	0.0	1.0	1.0	0.0	0.0	0.0	0.0	0.0					
ssa-jim8777-published-flanks	retrospective_biological	retrospective_expansion_2026_09_24	published_flanks	exact	False	16384	25	True	1.0	0.02564102564102564	0.0	0.0	0.0	1.0	1.0	1.0	1.0	1.0	1.0	1.0	1.0	1.0	1.0					
sga-atcc43143-published-flanks	retrospective_biological	retrospective_expansion_2026_09_24	published_flanks	exact	False	1024	23	True	1.0	1.0	1.0	1.0	1.0	1.0	1.0	1.0	1.0	1.0	1.0	1.0	1.0	1.0	1.0					
smu-gs5-published-flanks	retrospective_biological	retrospective_expansion_2026_09_24	published_flanks	exact	False	1024	18	True	1.0	0.5	0.0	1.0	1.0	1.0	0.5	0.0	1.0	1.0	1.0	0.5	0.0	1.0	1.0					
sdy-ac2713-published-flanks	retrospective_biological	retrospective_expansion_2026_09_24	published_flanks	exact	False	1024	18	True	1.0	1.0	1.0	1.0	1.0	1.0	1.0	1.0	1.0	1.0	0.0	0.0	0.0	0.0	0.0					
sag2-nem316-published-flanks	retrospective_biological	retrospective_expansion_2026_09_24	published_flanks	exact	False	1024	9	True	1.0	1.0	1.0	1.0	1.0	1.0	1.0	1.0	1.0	1.0	1.0	1.0	1.0	1.0	1.0					
ece-nctc12421-published-flanks	retrospective_biological	retrospective_expansion_2026_09_25	published_flanks	exact	False	16384	33	True	1.0	1.0	1.0	1.0	1.0	1.0	1.0	1.0	1.0	1.0	1.0	1.0	1.0	1.0	1.0					
tsp-h121-published-flanks	retrospective_biological	retrospective_expansion_2026_09_25	published_flanks	exact	False	16384	14	True	1.0	1.0	1.0	1.0	1.0	1.0	0.3333333333333333	0.0	1.0	1.0	0.0	0.0	0.0	0.0	0.0					
nme2-de10444-published-flanks	retrospective_biological	retrospective_expansion_2026_09_25	published_flanks	exact	False	16384	14	False	1.0	1.0	1.0	1.0	1.0	1.0	6.116582053948254e-05	0.0	0.0	0.0	0.0	0.0	0.0	0.0	0.0					
seq2-nctc11606-published-flanks	retrospective_biological	retrospective_expansion_2026_09_25	published_flanks	exact	False	64	14	True	1.0	1.0	1.0	1.0	1.0	1.0	1.0	1.0	1.0	1.0	1.0	1.0	1.0	1.0	1.0					
psp-ct06-published-flanks	retrospective_biological	retrospective_expansion_2026_09_25	published_flanks	exact	False	4096	12	True	1.0	1.0	1.0	1.0	1.0	1.0	1.0	1.0	1.0	1.0	0.0	0.0	0.0	0.0	0.0					
wvi-dsm16922-published-flanks	retrospective_biological	retrospective_expansion_2026_09_25	published_flanks	exact	False	16384	8	True	1.0	1.0	1.0	1.0	1.0	1.0	0.125	0.0	0.0	0.0	0.0	0.0	0.0	0.0	0.0					
cj4-campylobacter-jejuni-414-protein-only	strict_independent	strict_protein_only_expansion_2026_09_25		none	True	4096			1.0	0.03571428571428571	0.0	0.0	0.0	0.0					0.0									
asp-acidiphilium-21-60-14-protein-only	strict_independent	strict_protein_only_expansion_2026_09_26		none	True	16384			1.0	0.00819672131147541	0.0	0.0	0.0	0.0					0.0									
cba-caulobacterales-protein-only	strict_independent	strict_protein_only_expansion_2026_09_26		none	True	16384			1.0	0.06666666666666667	0.0	0.0	0.0	0.0					0.0									
